,interaction,chain1,resnum1,resname1,name1,atomtype1,chain2,resnum2,resname2,name2,atomtype2
0,cc,A,1,MET,C,C,A,207,LEU,HD22,C
1,cc,A,2,GLU,CA,C,A,208,ARG,O,O
2,cc,A,2,GLU,CD,C,A,210,VAL,CG1,C
3,cc,A,2,GLU,CD,C,A,210,VAL,HG11,C
4,cc,A,2,GLU,HA,C,A,208,ARG,H,N
5,cc,A,2,GLU,HA,C,A,208,ARG,N,N
6,cc,A,3,PHE,CA,C,A,34,PRO,O,O
7,cc,A,3,PHE,C,C,A,210,VAL,HG22,C
8,cc,A,3,PHE,CD2,C,A,207,LEU,CB,C
9,cc,A,3,PHE,CD2,C,A,207,LEU,HB2,C
10,cc,A,3,PHE,CD2,C,A,209,PRO,HA,C
11,cc,A,3,PHE,CE2,C,A,202,ALA,HA,C
12,cc,A,3,PHE,CE2,C,A,209,PRO,CA,C
13,cc,A,3,PHE,CE2,C,A,209,PRO,HA,C
14,cc,A,3,PHE,HA,C,A,34,PRO,O,O
15,cc,A,3,PHE,HB2,C,A,34,PRO,O,O
16,cc,A,4,LEU,CD1,C,A,210,VAL,HG23,C
17,cc,A,4,LEU,HA,C,A,210,VAL,CG2,C
18,cc,A,4,LEU,HA,C,A,210,VAL,HG22,C
19,cc,A,4,LEU,HA,C,A,210,VAL,HG23,C
20,cc,A,4,LEU,HD12,C,A,210,VAL,HG23,C
21,cc,A,4,LEU,HD13,C,A,210,VAL,HG23,C
22,cc,A,5,VAL,HG11,C,A,198,VAL,CG2,C
23,cc,A,5,VAL,HG11,C,A,198,VAL,HG21,C
24,cc,A,5,VAL,HG21,C,A,198,VAL,CG1,C
25,cc,A,5,VAL,HG21,C,A,198,VAL,CG2,C
26,cc,A,5,VAL,HG21,C,A,198,VAL,HG13,C
27,cc,A,5,VAL,HG21,C,A,198,VAL,HG22,C
28,cc,A,7,ASP,CG,C,A,194,LYS,HZ3,N
29,cc,A,8,LEU,HD11,C,A,19,TYR,CD2,C
30,cc,A,8,LEU,HD11,C,A,37,LEU,HD13,C
31,cc,A,8,LEU,HD21,C,A,19,TYR,CE2,C
32,cc,A,10,LEU,HD11,C,A,42,PRO,N,N
33,cc,A,10,LEU,HD12,C,A,40,GLU,C,C
34,cc,A,10,LEU,HD12,C,A,40,GLU,O,O
35,cc,A,10,LEU,HD21,C,A,4086,HOH,O,O
36,cc,A,11,VAL,C,C,A,42,PRO,HD3,C
37,cc,A,12,PRO,HG2,C,A,4217,HOH,O,O
38,cc,A,13,TYR,CB,C,A,44,VAL,HG21,C
39,cc,A,13,TYR,CG,C,A,44,VAL,HG21,C
40,cc,A,13,TYR,CD1,C,A,41,HIS,CD2,C
41,cc,A,13,TYR,CD1,C,A,41,HIS,NE2,N
42,cc,A,13,TYR,CD1,C,A,44,VAL,HG11,C
43,cc,A,13,TYR,CD2,C,A,71,TYR,CD1,C
44,cc,A,13,TYR,HA,C,A,41,HIS,CE1,C
45,cc,A,13,TYR,HA,C,A,41,HIS,ND1,N
46,cc,A,13,TYR,HB2,C,A,44,VAL,HG11,C
47,cc,A,13,TYR,HB2,C,A,3938,HOH,O,O
48,cc,A,13,TYR,HB3,C,A,71,TYR,CE1,C
49,cc,A,13,TYR,HB3,C,A,71,TYR,HE1,Car
50,cc,A,15,GLU,CD,C,A,4194,HOH,O,O
51,cc,A,16,ALA,CB,C,A,41,HIS,CE1,C
52,cc,A,16,ALA,HB3,C,A,41,HIS,CE1,C
53,cc,A,19,TYR,CD2,C,A,8,LEU,HD11,C
54,cc,A,19,TYR,CE2,C,A,8,LEU,HD21,C
55,cc,A,20,GLN,CG,C,A,90,TYR,CD2,C
56,cc,A,20,GLN,CD,C,A,90,TYR,CD2,C
57,cc,A,20,GLN,HG2,C,A,90,TYR,CD2,C
58,cc,A,23,VAL,HB,C,A,92,ILE,HD13,C
59,cc,A,23,VAL,HG12,C,A,92,ILE,CG2,C
60,cc,A,23,VAL,HG13,C,A,32,ARG,NE,N
61,cc,A,23,VAL,HG21,C,A,37,LEU,HD21,C
62,cc,A,23,VAL,HG22,C,A,32,ARG,CZ,C
63,cc,A,24,HIS,CA,C,A,92,ILE,HG21,C
64,cc,A,24,HIS,CD2,C,A,148,VAL,CG1,C
65,cc,A,24,HIS,CD2,C,A,148,VAL,HB,C
66,cc,A,24,HIS,CE1,C,A,145,LYS,HB3,C
67,cc,A,24,HIS,CE1,C,A,145,LYS,O,O
68,cc,A,24,HIS,CE1,C,A,3967,HOH,O,O
69,cc,A,25,ARG,CG,C,A,3967,HOH,O,O
70,cc,A,25,ARG,HB3,C,A,4106,HOH,O,O
71,cc,A,25,ARG,HG3,C,A,3967,HOH,O,O
72,cc,A,25,ARG,HD2,C,A,4099,HOH,O,O
73,cc,A,26,GLU,HG2,C,A,3914,HOH,O,O
74,cc,A,27,VAL,HB,C,A,148,VAL,HG11,C
75,cc,A,27,VAL,HG21,C,A,92,ILE,HG22,C
76,cc,A,28,VAL,CA,C,A,148,VAL,HG21,C
77,cc,A,28,VAL,CG2,C,A,146,GLU,HB2,C
78,cc,A,28,VAL,CG2,C,A,148,VAL,CG2,C
79,cc,A,28,VAL,CG2,C,A,148,VAL,HB,C
80,cc,A,28,VAL,CG2,C,A,148,VAL,HG21,C
81,cc,A,28,VAL,HA,C,A,148,VAL,HG21,C
82,cc,A,28,VAL,HG11,C,A,146,GLU,OE2,O
83,cc,A,28,VAL,HG21,C,A,146,GLU,HB2,C
84,cc,A,28,VAL,HG22,C,A,148,VAL,HG21,C
85,cc,A,28,VAL,HG22,C,A,148,VAL,HG23,C
86,cc,A,32,ARG,CZ,C,A,23,VAL,HG22,C
87,cc,A,34,PRO,HA,C,A,92,ILE,O,O
88,cc,A,34,PRO,HB3,C,A,93,PHE,CD1,C
89,cc,A,34,PRO,HB3,C,A,94,PRO,HD2,C
90,cc,A,34,PRO,HG3,C,A,94,PRO,CG,C
91,cc,A,34,PRO,HG3,C,A,94,PRO,HD2,C
92,cc,A,34,PRO,HD2,C,A,2,GLU,O,O
93,cc,A,35,THR,C,C,A,93,PHE,HE1,Car
94,cc,A,37,LEU,CD1,C,A,92,ILE,HD12,C
95,cc,A,37,LEU,HD11,C,A,92,ILE,HD12,C
96,cc,A,37,LEU,HD12,C,A,90,TYR,HB2,C
97,cc,A,37,LEU,HD13,C,A,8,LEU,HD11,C
98,cc,A,37,LEU,HD21,C,A,23,VAL,HG21,C
99,cc,A,37,LEU,HD22,C,A,19,TYR,HE2,Car
100,cc,A,38,LEU,HA,C,A,88,VAL,O,O
101,cc,A,38,LEU,HD11,C,A,198,VAL,CG2,C
102,cc,A,38,LEU,HD11,C,A,198,VAL,HG23,C
103,cc,A,38,LEU,HD13,C,A,194,LYS,CB,C
104,cc,A,38,LEU,HD13,C,A,194,LYS,HB3,C
105,cc,A,38,LEU,HD13,C,A,194,LYS,HG2,C
106,cc,A,38,LEU,HD23,C,A,89,GLY,HA2,C
107,cc,A,39,LEU,CA,C,A,9,GLY,O,O
108,cc,A,39,LEU,CB,C,A,9,GLY,O,O
109,cc,A,39,LEU,HA,C,A,9,GLY,O,O
110,cc,A,39,LEU,HB2,C,A,9,GLY,O,O
111,cc,A,39,LEU,HG,C,A,88,VAL,HB,C
112,cc,A,39,LEU,HD21,C,A,90,TYR,CE2,C
113,cc,A,39,LEU,HD23,C,A,88,VAL,O,O
114,cc,A,40,GLU,C,C,A,10,LEU,HD12,C
115,cc,A,40,GLU,HA,C,A,3950,HOH,O,O
116,cc,A,40,GLU,HG3,C,A,3987,HOH,O,O
117,cc,A,41,HIS,CD2,C,A,13,TYR,CD1,C
118,cc,A,41,HIS,CD2,C,A,88,VAL,HG21,C
119,cc,A,41,HIS,CE1,C,A,13,TYR,HA,C
120,cc,A,41,HIS,CE1,C,A,16,ALA,CB,C
121,cc,A,41,HIS,CE1,C,A,16,ALA,HB3,C
122,cc,A,41,HIS,HA,C,A,11,VAL,O,O
123,cc,A,42,PRO,CD,C,A,11,VAL,O,O
124,cc,A,42,PRO,CD,C,A,12,PRO,HA,C
125,cc,A,42,PRO,HD2,C,A,11,VAL,O,O
126,cc,A,42,PRO,HD2,C,A,3938,HOH,O,O
127,cc,A,42,PRO,HD3,C,A,11,VAL,C,C
128,cc,A,42,PRO,HD3,C,A,11,VAL,O,O
129,cc,A,43,ARG,HA,C,A,83,GLY,HA2,C
130,cc,A,43,ARG,HB2,C,A,67,GLY,O,O
131,cc,A,43,ARG,HB3,C,A,68,PHE,CD2,C
132,cc,A,43,ARG,HG2,C,A,81,TYR,CE1,C
133,cc,A,43,ARG,HG2,C,A,81,TYR,OH,O
134,cc,A,43,ARG,HG3,C,A,3921,HOH,O,O
135,cc,A,43,ARG,HD2,C,A,4097,HOH,O,O
136,cc,A,44,VAL,CG2,C,A,69,GLU,HB2,C
137,cc,A,44,VAL,CG2,C,A,71,TYR,HD1,Car
138,cc,A,44,VAL,HG11,C,A,13,TYR,CD1,C
139,cc,A,44,VAL,HG11,C,A,13,TYR,HB2,C
140,cc,A,44,VAL,HG13,C,A,82,HIS,HB2,C
141,cc,A,44,VAL,HG21,C,A,13,TYR,CB,C
142,cc,A,44,VAL,HG21,C,A,13,TYR,CG,C
143,cc,A,44,VAL,HG21,C,A,71,TYR,HD1,Car
144,cc,A,44,VAL,HG23,C,A,69,GLU,C,C
145,cc,A,44,VAL,HG23,C,A,69,GLU,CB,C
146,cc,A,44,VAL,HG23,C,A,69,GLU,O,O
147,cc,A,45,ILE,CG2,C,A,79,VAL,CG2,C
148,cc,A,45,ILE,CG2,C,A,79,VAL,HG23,C
149,cc,A,45,ILE,CD1,C,A,81,TYR,HB2,C
150,cc,A,45,ILE,HB,C,A,70,LEU,HD12,C
151,cc,A,45,ILE,HG12,C,A,68,PHE,CD2,C
152,cc,A,45,ILE,HG21,C,A,56,LEU,CD2,C
153,cc,A,45,ILE,HG23,C,A,79,VAL,CG2,C
154,cc,A,45,ILE,HG23,C,A,79,VAL,HG22,C
155,cc,A,45,ILE,HG23,C,A,167,ILE,HG21,C
156,cc,A,45,ILE,HD11,C,A,68,PHE,CE2,C
157,cc,A,45,ILE,HD12,C,A,167,ILE,CG2,C
158,cc,A,45,ILE,HD12,C,A,167,ILE,HD13,C
159,cc,A,45,ILE,HD13,C,A,81,TYR,HD1,Car
160,cc,A,46,THR,HB,C,A,73,VAL,CG2,C
161,cc,A,46,THR,HB,C,A,73,VAL,HG22,C
162,cc,A,47,LEU,CB,C,A,72,TRP,CE3,C
163,cc,A,47,LEU,CD2,C,A,79,VAL,HG23,C
164,cc,A,47,LEU,HA,C,A,78,ASP,O,O
165,cc,A,47,LEU,HA,C,A,79,VAL,HA,C
166,cc,A,47,LEU,HB2,C,A,72,TRP,CE3,C
167,cc,A,47,LEU,HB2,C,A,72,TRP,HA,C
168,cc,A,47,LEU,HB3,C,A,72,TRP,CE3,C
169,cc,A,47,LEU,HB3,C,A,72,TRP,CZ3,C
170,cc,A,47,LEU,HG,C,A,79,VAL,HG23,C
171,cc,A,47,LEU,HD11,C,A,70,LEU,HD21,C
172,cc,A,47,LEU,HD13,C,A,72,TRP,NE1,N
173,cc,A,47,LEU,HD21,C,A,56,LEU,HD21,C
174,cc,A,47,LEU,HD23,C,A,79,VAL,HB,C
175,cc,A,48,GLY,HA2,C,A,73,VAL,HG23,C
176,cc,A,49,ARG,CG,C,A,74,GLU,O,O
177,cc,A,49,ARG,CZ,C,A,76,GLY,CA,C
178,cc,A,49,ARG,CZ,C,A,76,GLY,HA2,C
179,cc,A,49,ARG,HG3,C,A,74,GLU,C,C
180,cc,A,49,ARG,HG3,C,A,74,GLU,O,O
181,cc,A,49,ARG,HD3,C,A,74,GLU,O,O
182,cc,A,50,LYS,C,C,A,78,ASP,HB3,C
183,cc,A,50,LYS,HB2,C,A,77,GLY,C,C
184,cc,A,50,LYS,HB2,C,A,77,GLY,O,O
185,cc,A,51,ALA,HA,C,A,78,ASP,CB,C
186,cc,A,51,ALA,HB2,C,A,78,ASP,C,C
187,cc,A,51,ALA,HB2,C,A,78,ASP,CA,C
188,cc,A,51,ALA,HB2,C,A,78,ASP,HA,C
189,cc,A,51,ALA,HB3,C,A,72,TRP,CZ3,C
190,cc,A,53,GLY,HA2,C,A,4230,HOH,O,O
191,cc,A,55,ASN,CB,C,A,79,VAL,HB,C
192,cc,A,55,ASN,HA,C,A,168,VAL,HB,C
193,cc,A,56,LEU,CD1,C,A,70,LEU,HD11,C
194,cc,A,56,LEU,CD2,C,A,45,ILE,HG21,C
195,cc,A,56,LEU,HB2,C,A,4203,HOH,O,O
196,cc,A,56,LEU,HD11,C,A,70,LEU,HD11,C
197,cc,A,56,LEU,HD21,C,A,47,LEU,HD21,C
198,cc,A,56,LEU,HD23,C,A,167,ILE,HG22,C
199,cc,A,57,LEU,HB2,C,A,168,VAL,HG23,C
200,cc,A,58,PHE,CE1,C,A,166,VAL,HG12,C
201,cc,A,61,SER,HA,C,A,4196,HOH,O,O
202,cc,A,62,TRP,CZ3,C,A,166,VAL,HG11,C
203,cc,A,63,TYR,CE2,C,A,166,VAL,HB,C
204,cc,A,67,GLY,HA3,C,A,43,ARG,NH1,N
205,cc,A,68,PHE,CD2,C,A,43,ARG,HB3,C
206,cc,A,68,PHE,CD2,C,A,45,ILE,HG12,C
207,cc,A,68,PHE,CE1,C,A,43,ARG,NH2,N
208,cc,A,68,PHE,CE1,C,A,43,ARG,HH22,N
209,cc,A,68,PHE,CE2,C,A,45,ILE,HD11,C
210,cc,A,68,PHE,CE2,C,A,81,TYR,CE1,C
211,cc,A,68,PHE,CZ,C,A,166,VAL,HG21,C
212,cc,A,68,PHE,HA,C,A,43,ARG,O,O
213,cc,A,69,GLU,C,C,A,44,VAL,HG23,C
214,cc,A,69,GLU,CB,C,A,44,VAL,HG23,C
215,cc,A,69,GLU,CD,C,A,4192,HOH,O,O
216,cc,A,69,GLU,HG3,C,A,3996,HOH,O,O
217,cc,A,70,LEU,HD11,C,A,56,LEU,CD1,C
218,cc,A,70,LEU,HD11,C,A,56,LEU,HD11,C
219,cc,A,70,LEU,HD12,C,A,45,ILE,HB,C
220,cc,A,71,TYR,CD1,C,A,13,TYR,CD2,C
221,cc,A,71,TYR,CE1,C,A,13,TYR,HB3,C
222,cc,A,72,TRP,CE3,C,A,47,LEU,CB,C
223,cc,A,72,TRP,CE3,C,A,47,LEU,HB2,C
224,cc,A,72,TRP,CE3,C,A,47,LEU,HB3,C
225,cc,A,72,TRP,CZ2,C,A,47,LEU,HD13,C
226,cc,A,72,TRP,CZ3,C,A,47,LEU,HB3,C
227,cc,A,72,TRP,CZ3,C,A,51,ALA,HB3,C
228,cc,A,72,TRP,HA,C,A,47,LEU,HB2,C
229,cc,A,73,VAL,CG2,C,A,46,THR,HB,C
230,cc,A,73,VAL,HG21,C,A,46,THR,HB,C
231,cc,A,73,VAL,HG22,C,A,46,THR,HB,C
232,cc,A,73,VAL,HG23,C,A,48,GLY,HA2,C
233,cc,A,74,GLU,C,C,A,49,ARG,HG3,C
234,cc,A,74,GLU,HB3,C,A,4005,HOH,O,O
235,cc,A,75,ARG,C,C,A,49,ARG,HG3,C
236,cc,A,75,ARG,CZ,C,A,3913,OCA,C4,C
237,cc,A,75,ARG,HA,C,A,142,VAL,O,O
238,cc,A,75,ARG,HA,C,A,143,ALA,HB2,C
239,cc,A,75,ARG,HB2,C,A,141,GLY,C,C
240,cc,A,75,ARG,HB3,C,A,151,HIS,CB,C
241,cc,A,76,GLY,CA,C,A,49,ARG,CZ,C
242,cc,A,76,GLY,CA,C,A,49,ARG,NH2,N
243,cc,A,76,GLY,HA2,C,A,49,ARG,CZ,C
244,cc,A,76,GLY,HA2,C,A,49,ARG,NH2,N
245,cc,A,77,GLY,C,C,A,50,LYS,HB2,C
246,cc,A,77,GLY,HA3,C,A,3913,OCA,C1,C
247,cc,A,78,ASP,CA,C,A,51,ALA,HB2,C
248,cc,A,78,ASP,C,C,A,51,ALA,HB2,C
249,cc,A,78,ASP,CB,C,A,51,ALA,HA,C
250,cc,A,78,ASP,HA,C,A,51,ALA,HB2,C
251,cc,A,78,ASP,HA,C,A,51,ALA,N,N
252,cc,A,78,ASP,HB2,C,A,55,ASN,OD1,O
253,cc,A,78,ASP,HB3,C,A,50,LYS,C,C
254,cc,A,79,VAL,CG1,C,A,167,ILE,HB,C
255,cc,A,79,VAL,CG2,C,A,45,ILE,CG2,C
256,cc,A,79,VAL,CG2,C,A,45,ILE,HG23,C
257,cc,A,79,VAL,CG2,C,A,167,ILE,HB,C
258,cc,A,79,VAL,HA,C,A,47,LEU,HA,C
259,cc,A,79,VAL,HB,C,A,47,LEU,HD23,C
260,cc,A,79,VAL,HB,C,A,55,ASN,CB,C
261,cc,A,79,VAL,HG11,C,A,167,ILE,HB,C
262,cc,A,79,VAL,HG13,C,A,167,ILE,HD12,C
263,cc,A,79,VAL,HG21,C,A,167,ILE,CG2,C
264,cc,A,79,VAL,HG21,C,A,167,ILE,HB,C
265,cc,A,79,VAL,HG22,C,A,45,ILE,HG23,C
266,cc,A,79,VAL,HG22,C,A,167,ILE,HD12,C
267,cc,A,79,VAL,HG23,C,A,45,ILE,CG2,C
268,cc,A,79,VAL,HG23,C,A,47,LEU,CD2,C
269,cc,A,79,VAL,HG23,C,A,47,LEU,HG,C
270,cc,A,80,THR,C,C,A,167,ILE,CD1,C
271,cc,A,80,THR,HA,C,A,167,ILE,CD1,C
272,cc,A,80,THR,HA,C,A,167,ILE,HD12,C
273,cc,A,80,THR,HG21,C,A,3913,OCA,C4,C
274,cc,A,80,THR,HG21,C,A,3913,OCA,C6,C
275,cc,A,80,THR,HG22,C,A,46,THR,OG1,O
276,cc,A,81,TYR,CD1,C,A,68,PHE,HE2,Car
277,cc,A,81,TYR,CD1,C,A,163,ASP,HB3,C
278,cc,A,81,TYR,CE1,C,A,43,ARG,HG2,C
279,cc,A,81,TYR,CE1,C,A,68,PHE,HE2,Car
280,cc,A,81,TYR,CE1,C,A,163,ASP,CB,C
281,cc,A,81,TYR,CE2,C,A,163,ASP,HB2,C
282,cc,A,81,TYR,CZ,C,A,163,ASP,HB3,C
283,cc,A,81,TYR,CZ,C,A,163,ASP,OD2,O
284,cc,A,81,TYR,HB2,C,A,45,ILE,CD1,C
285,cc,A,81,TYR,HB3,C,A,164,PHE,CD1,C
286,cc,A,81,TYR,HB3,C,A,164,PHE,CE1,C
287,cc,A,82,HIS,CE1,C,A,154,ALA,HB2,C
288,cc,A,82,HIS,HB2,C,A,44,VAL,HG13,C
289,cc,A,83,GLY,CA,C,A,41,HIS,O,O
290,cc,A,83,GLY,C,C,A,41,HIS,O,O
291,cc,A,83,GLY,HA2,C,A,43,ARG,HA,C
292,cc,A,84,PRO,HA,C,A,40,GLU,OE1,O
293,cc,A,85,GLY,HA2,C,A,4226,HOH,O,O
294,cc,A,85,GLY,HA3,C,A,158,ASN,C,C
295,cc,A,86,GLN,HA,C,A,155,LEU,O,O
296,cc,A,86,GLN,HB2,C,A,159,THR,OG1,O
297,cc,A,86,GLN,HB3,C,A,3950,HOH,O,O
298,cc,A,86,GLN,HG3,C,A,156,ASN,HA,C
299,cc,A,87,LEU,CD1,C,A,194,LYS,HG2,C
300,cc,A,87,LEU,CD2,C,A,197,VAL,HG21,C
301,cc,A,87,LEU,HB3,C,A,155,LEU,HB3,C
302,cc,A,87,LEU,HD11,C,A,194,LYS,HG2,C
303,cc,A,87,LEU,HD12,C,A,39,LEU,O,O
304,cc,A,87,LEU,HD13,C,A,190,MET,SD,S
305,cc,A,87,LEU,HD13,C,A,194,LYS,CE,C
306,cc,A,87,LEU,HD13,C,A,194,LYS,CG,C
307,cc,A,87,LEU,HD13,C,A,194,LYS,HE3,C
308,cc,A,87,LEU,HD21,C,A,194,LYS,HA,C
309,cc,A,87,LEU,HD23,C,A,197,VAL,HG21,C
310,cc,A,88,VAL,HA,C,A,153,PHE,O,O
311,cc,A,88,VAL,HA,C,A,154,ALA,HA,C
312,cc,A,88,VAL,HB,C,A,39,LEU,HG,C
313,cc,A,88,VAL,HG21,C,A,41,HIS,CD2,C
314,cc,A,88,VAL,HG23,C,A,3950,HOH,O,O
315,cc,A,89,GLY,HA2,C,A,38,LEU,HD23,C
316,cc,A,90,TYR,CD1,C,A,151,HIS,C,C
317,cc,A,90,TYR,CD1,C,A,151,HIS,CA,C
318,cc,A,90,TYR,CD2,C,A,20,GLN,CD,C
319,cc,A,90,TYR,CD2,C,A,20,GLN,CG,C
320,cc,A,90,TYR,CD2,C,A,20,GLN,HG2,C
321,cc,A,90,TYR,CE1,C,A,151,HIS,HA,C
322,cc,A,90,TYR,CE2,C,A,20,GLN,NE2,N
323,cc,A,90,TYR,CE2,C,A,39,LEU,HD21,C
324,cc,A,90,TYR,CZ,C,A,20,GLN,NE2,N
325,cc,A,90,TYR,HB2,C,A,37,LEU,HD12,C
326,cc,A,91,PRO,CD,C,A,152,GLY,HA3,C
327,cc,A,91,PRO,HA,C,A,35,THR,O,O
328,cc,A,91,PRO,HB2,C,A,102,PHE,CZ,C
329,cc,A,91,PRO,HB2,C,A,102,PHE,HZ,Car
330,cc,A,91,PRO,HG2,C,A,106,ILE,HD11,C
331,cc,A,91,PRO,HD2,C,A,152,GLY,CA,C
332,cc,A,91,PRO,HD2,C,A,152,GLY,HA3,C
333,cc,A,91,PRO,HD2,C,A,3946,HOH,O,O
334,cc,A,91,PRO,HD3,C,A,152,GLY,HA3,C
335,cc,A,92,ILE,CG2,C,A,23,VAL,HG12,C
336,cc,A,92,ILE,HG12,C,A,150,PHE,HA,C
337,cc,A,92,ILE,HG21,C,A,24,HIS,CA,C
338,cc,A,92,ILE,HG21,C,A,24,HIS,N,N
339,cc,A,92,ILE,HG22,C,A,27,VAL,HG21,C
340,cc,A,92,ILE,HG23,C,A,148,VAL,HG12,C
341,cc,A,92,ILE,HD12,C,A,37,LEU,CD1,C
342,cc,A,92,ILE,HD12,C,A,37,LEU,HD11,C
343,cc,A,92,ILE,HD13,C,A,23,VAL,HB,C
344,cc,A,93,PHE,C,C,A,148,VAL,HG13,C
345,cc,A,93,PHE,CD1,C,A,34,PRO,HB3,C
346,cc,A,93,PHE,CD2,C,A,205,PHE,CE2,C
347,cc,A,93,PHE,CE2,C,A,205,PHE,CE2,C
348,cc,A,94,PRO,CG,C,A,34,PRO,HG3,C
349,cc,A,94,PRO,HA,C,A,147,GLY,O,O
350,cc,A,94,PRO,HA,C,A,148,VAL,HA,C
351,cc,A,94,PRO,HD2,C,A,34,PRO,HB3,C
352,cc,A,94,PRO,HD2,C,A,34,PRO,HG3,C
353,cc,A,97,ARG,HA,C,A,4031,HOH,O,O
354,cc,A,98,GLU,CA,C,A,4068,HOH,O,O
355,cc,A,98,GLU,CG,C,A,4018,HOH,O,O
356,cc,A,98,GLU,HA,C,A,4068,HOH,O,O
357,cc,A,98,GLU,HB2,C,A,4018,HOH,O,O
358,cc,A,98,GLU,HB3,C,A,4068,HOH,O,O
359,cc,A,99,VAL,HG13,C,A,144,VAL,HG21,C
360,cc,A,102,PHE,CE2,C,A,149,SER,CB,C
361,cc,A,102,PHE,CE2,C,A,149,SER,HB2,C
362,cc,A,102,PHE,CZ,C,A,91,PRO,HB2,C
363,cc,A,103,LEU,CD2,C,A,140,ILE,HG22,C
364,cc,A,103,LEU,HB2,C,A,3927,HOH,O,O
365,cc,A,103,LEU,HD21,C,A,142,VAL,CG2,C
366,cc,A,103,LEU,HD22,C,A,140,ILE,CG2,C
367,cc,A,103,LEU,HD22,C,A,140,ILE,HG22,C
368,cc,A,103,LEU,HD22,C,A,4055,HOH,O,O
369,cc,A,105,GLN,CB,C,A,205,PHE,CZ,C
370,cc,A,105,GLN,HB2,C,A,205,PHE,CZ,C
371,cc,A,105,GLN,HB3,C,A,204,VAL,CG1,C
372,cc,A,105,GLN,HB3,C,A,204,VAL,HG12,C
373,cc,A,105,GLN,HB3,C,A,205,PHE,CE1,C
374,cc,A,105,GLN,HB3,C,A,205,PHE,CZ,C
375,cc,A,106,ILE,HG21,C,A,153,PHE,HB3,C
376,cc,A,106,ILE,HG22,C,A,140,ILE,CD1,C
377,cc,A,106,ILE,HG22,C,A,140,ILE,HD13,C
378,cc,A,107,GLU,CG,C,A,140,ILE,CD1,C
379,cc,A,107,GLU,CD,C,A,123,PRO,HB3,C
380,cc,A,107,GLU,HA,C,A,130,VAL,CG2,C
381,cc,A,107,GLU,HB2,C,A,3985,HOH,O,O
382,cc,A,107,GLU,HB3,C,A,123,PRO,HG3,C
383,cc,A,107,GLU,HG2,C,A,140,ILE,HD12,C
384,cc,A,107,GLU,HG3,C,A,140,ILE,CD1,C
385,cc,A,107,GLU,HG3,C,A,140,ILE,HD13,C
386,cc,A,108,GLU,HA,C,A,3948,HOH,O,O
387,cc,A,108,GLU,HG3,C,A,204,VAL,CG2,C
388,cc,A,108,GLU,HG3,C,A,204,VAL,HG22,C
389,cc,A,109,ALA,CA,C,A,204,VAL,HG21,C
390,cc,A,109,ALA,HA,C,A,200,ALA,HB1,C
391,cc,A,109,ALA,HA,C,A,204,VAL,HG21,C
392,cc,A,109,ALA,HB1,C,A,201,PHE,CD2,C
393,cc,A,110,ILE,HG13,C,A,138,CYS,SG,S
394,cc,A,110,ILE,HG21,C,A,138,CYS,HB2,C
395,cc,A,110,ILE,HG21,C,A,138,CYS,SG,S
396,cc,A,110,ILE,HG22,C,A,130,VAL,HG11,C
397,cc,A,110,ILE,HG23,C,A,155,LEU,HD13,C
398,cc,A,110,ILE,HD11,C,A,153,PHE,CD1,C
399,cc,A,110,ILE,HD11,C,A,153,PHE,CE1,C
400,cc,A,111,VAL,HG13,C,A,121,ALA,O,O
401,cc,A,111,VAL,HG13,C,A,3947,HOH,O,O
402,cc,A,111,VAL,HG21,C,A,123,PRO,HD3,C
403,cc,A,112,ARG,HB2,C,A,200,ALA,HB1,C
404,cc,A,112,ARG,HD3,C,A,204,VAL,CG2,C
405,cc,A,113,VAL,CG2,C,A,197,VAL,HA,C
406,cc,A,113,VAL,HA,C,A,4054,HOH,O,O
407,cc,A,113,VAL,HG21,C,A,197,VAL,CG2,C
408,cc,A,113,VAL,HG21,C,A,197,VAL,HA,C
409,cc,A,113,VAL,HG22,C,A,196,ARG,C,C
410,cc,A,113,VAL,HG22,C,A,196,ARG,O,O
411,cc,A,113,VAL,HG23,C,A,200,ALA,CB,C
412,cc,A,115,ALA,HB2,C,A,3947,HOH,O,O
413,cc,A,116,GLY,HA3,C,A,4094,HOH,O,O
414,cc,A,117,TYR,CD2,C,A,184,LEU,HD11,C
415,cc,A,117,TYR,CD2,C,A,196,ARG,NH1,N
416,cc,A,117,TYR,CE1,C,A,180,LEU,HD13,C
417,cc,A,117,TYR,CE1,C,A,196,ARG,NH1,N
418,cc,A,117,TYR,CE1,C,A,196,ARG,HH11,N
419,cc,A,117,TYR,CE2,C,A,192,GLU,OE1,O
420,cc,A,117,TYR,CE2,C,A,196,ARG,NH1,N
421,cc,A,117,TYR,CZ,C,A,188,VAL,HG11,C
422,cc,A,117,TYR,CZ,C,A,196,ARG,NH1,N
423,cc,A,119,ILE,CG2,C,A,132,VAL,CG2,C
424,cc,A,119,ILE,CG2,C,A,132,VAL,HG21,C
425,cc,A,119,ILE,HA,C,A,3926,HOH,O,O
426,cc,A,119,ILE,HG21,C,A,132,VAL,HG21,C
427,cc,A,119,ILE,HG21,C,A,183,LEU,HD13,C
428,cc,A,119,ILE,HD12,C,A,180,LEU,HD22,C
429,cc,A,119,ILE,HD13,C,A,183,LEU,CD1,C
430,cc,A,119,ILE,HD13,C,A,183,LEU,HD13,C
431,cc,A,120,SER,HA,C,A,3947,HOH,O,O
432,cc,A,120,SER,HB2,C,A,4199,HOH,O,O
433,cc,A,121,ALA,CA,C,A,131,TRP,O,O
434,cc,A,121,ALA,CB,C,A,132,VAL,HG22,C
435,cc,A,123,PRO,CD,C,A,4105,HOH,O,O
436,cc,A,123,PRO,HB3,C,A,107,GLU,CD,C
437,cc,A,123,PRO,HB3,C,A,107,GLU,OE1,O
438,cc,A,123,PRO,HG3,C,A,107,GLU,HB3,C
439,cc,A,123,PRO,HG3,C,A,3948,HOH,O,O
440,cc,A,123,PRO,HD3,C,A,111,VAL,HG21,C
441,cc,A,126,GLY,HA2,C,A,4213,HOH,O,O
442,cc,A,127,TYR,CG,C,A,173,LYS,HA,C
443,cc,A,127,TYR,CD1,C,A,173,LYS,CA,C
444,cc,A,127,TYR,CD1,C,A,173,LYS,HA,C
445,cc,A,127,TYR,CE1,C,A,173,LYS,N,N
446,cc,A,127,TYR,CE2,C,A,174,GLY,CA,C
447,cc,A,127,TYR,CE2,C,A,174,GLY,N,N
448,cc,A,127,TYR,CZ,C,A,173,LYS,C,C
449,cc,A,127,TYR,CZ,C,A,173,LYS,O,O
450,cc,A,127,TYR,HA,C,A,4056,HOH,O,O
451,cc,A,128,ALA,HB3,C,A,4254,HOH,O,O
452,cc,A,129,GLY,CA,C,A,138,CYS,O,O
453,cc,A,129,GLY,HA2,C,A,140,ILE,HD12,C
454,cc,A,129,GLY,HA3,C,A,138,CYS,O,O
455,cc,A,130,VAL,CG2,C,A,107,GLU,HA,C
456,cc,A,130,VAL,HA,C,A,122,TYR,O,O
457,cc,A,130,VAL,HG11,C,A,110,ILE,HG22,C
458,cc,A,130,VAL,HG23,C,A,140,ILE,HD11,C
459,cc,A,131,TRP,CZ3,C,A,174,GLY,CA,C
460,cc,A,131,TRP,CZ3,C,A,174,GLY,H,N
461,cc,A,131,TRP,CZ3,C,A,174,GLY,N,N
462,cc,A,132,VAL,CG2,C,A,119,ILE,CG2,C
463,cc,A,132,VAL,HB,C,A,178,THR,HG21,C
464,cc,A,132,VAL,HG13,C,A,120,SER,O,O
465,cc,A,132,VAL,HG21,C,A,119,ILE,CG2,C
466,cc,A,132,VAL,HG21,C,A,119,ILE,HG21,C
467,cc,A,132,VAL,HG21,C,A,183,LEU,CD1,C
468,cc,A,132,VAL,HG21,C,A,183,LEU,HD11,C
469,cc,A,132,VAL,HG22,C,A,121,ALA,CB,C
470,cc,A,133,GLY,HA3,C,A,3933,HOH,O,O
471,cc,A,134,GLU,HG3,C,A,4001,HOH,O,O
472,cc,A,135,ASP,HA,C,A,176,GLY,C,C
473,cc,A,135,ASP,HB3,C,A,177,VAL,C,C
474,cc,A,136,LYS,HB3,C,A,177,VAL,HG12,C
475,cc,A,136,LYS,HD2,C,A,3956,HOH,O,O
476,cc,A,136,LYS,HE2,C,A,128,ALA,O,O
477,cc,A,137,LEU,CD1,C,A,179,SER,HA,C
478,cc,A,137,LEU,HA,C,A,178,THR,O,O
479,cc,A,137,LEU,HG,C,A,155,LEU,CD1,C
480,cc,A,137,LEU,HG,C,A,155,LEU,HD12,C
481,cc,A,137,LEU,HD12,C,A,179,SER,HA,C
482,cc,A,138,CYS,HA,C,A,155,LEU,HA,C
483,cc,A,138,CYS,HB2,C,A,110,ILE,HG21,C
484,cc,A,138,CYS,HB2,C,A,155,LEU,CD1,C
485,cc,A,138,CYS,HB2,C,A,155,LEU,HD13,C
486,cc,A,139,ALA,HA,C,A,4191,HOH,O,O
487,cc,A,139,ALA,HB1,C,A,3913,OCA,C3,C
488,cc,A,139,ALA,HB1,C,A,3913,OCA,C5,C
489,cc,A,139,ALA,HB3,C,A,154,ALA,HB3,C
490,cc,A,140,ILE,CG2,C,A,103,LEU,HD22,C
491,cc,A,140,ILE,CD1,C,A,106,ILE,HG22,C
492,cc,A,140,ILE,CD1,C,A,107,GLU,CG,C
493,cc,A,140,ILE,CD1,C,A,107,GLU,HG3,C
494,cc,A,140,ILE,HA,C,A,152,GLY,O,O
495,cc,A,140,ILE,HA,C,A,153,PHE,HA,C
496,cc,A,140,ILE,HB,C,A,3971,HOH,O,O
497,cc,A,140,ILE,HG12,C,A,153,PHE,CB,C
498,cc,A,140,ILE,HG12,C,A,153,PHE,HB3,C
499,cc,A,140,ILE,HG22,C,A,103,LEU,CD2,C
500,cc,A,140,ILE,HG22,C,A,103,LEU,HD22,C
501,cc,A,140,ILE,HD11,C,A,130,VAL,HG23,C
502,cc,A,140,ILE,HD12,C,A,107,GLU,HG2,C
503,cc,A,140,ILE,HD12,C,A,129,GLY,HA2,C
504,cc,A,140,ILE,HD13,C,A,106,ILE,HG22,C
505,cc,A,140,ILE,HD13,C,A,107,GLU,HG3,C
506,cc,A,141,GLY,C,C,A,75,ARG,HB2,C
507,cc,A,141,GLY,HA2,C,A,3920,HOH,O,O
508,cc,A,142,VAL,CG2,C,A,103,LEU,HD21,C
509,cc,A,142,VAL,HG12,C,A,152,GLY,CA,C
510,cc,A,143,ALA,HB2,C,A,75,ARG,HA,C
511,cc,A,144,VAL,HG21,C,A,99,VAL,HG13,C
512,cc,A,145,LYS,HB3,C,A,24,HIS,CE1,C
513,cc,A,146,GLU,HB2,C,A,28,VAL,CG2,C
514,cc,A,146,GLU,HB2,C,A,28,VAL,HG21,C
515,cc,A,148,VAL,CG1,C,A,24,HIS,CD2,C
516,cc,A,148,VAL,CG2,C,A,28,VAL,CG2,C
517,cc,A,148,VAL,HA,C,A,94,PRO,HA,C
518,cc,A,148,VAL,HB,C,A,24,HIS,CD2,C
519,cc,A,148,VAL,HB,C,A,28,VAL,CG2,C
520,cc,A,148,VAL,HG11,C,A,27,VAL,HB,C
521,cc,A,148,VAL,HG12,C,A,92,ILE,HG23,C
522,cc,A,148,VAL,HG13,C,A,93,PHE,C,C
523,cc,A,148,VAL,HG13,C,A,93,PHE,O,O
524,cc,A,148,VAL,HG21,C,A,28,VAL,CA,C
525,cc,A,148,VAL,HG21,C,A,28,VAL,CG2,C
526,cc,A,148,VAL,HG21,C,A,28,VAL,HA,C
527,cc,A,148,VAL,HG21,C,A,28,VAL,HG22,C
528,cc,A,148,VAL,HG23,C,A,28,VAL,HG22,C
529,cc,A,149,SER,CB,C,A,102,PHE,CE2,C
530,cc,A,149,SER,HB2,C,A,102,PHE,CE2,C
531,cc,A,150,PHE,HA,C,A,92,ILE,HG12,C
532,cc,A,151,HIS,CA,C,A,90,TYR,CD1,C
533,cc,A,151,HIS,C,C,A,90,TYR,CD1,C
534,cc,A,151,HIS,CB,C,A,75,ARG,HB3,C
535,cc,A,151,HIS,CB,C,A,141,GLY,O,O
536,cc,A,151,HIS,CE1,C,A,13,TYR,OH,O
537,cc,A,151,HIS,HA,C,A,90,TYR,CE1,C
538,cc,A,151,HIS,HB3,C,A,141,GLY,O,O
539,cc,A,152,GLY,CA,C,A,91,PRO,HD2,C
540,cc,A,152,GLY,CA,C,A,142,VAL,HG12,C
541,cc,A,152,GLY,HA3,C,A,91,PRO,CD,C
542,cc,A,152,GLY,HA3,C,A,91,PRO,HD2,C
543,cc,A,152,GLY,HA3,C,A,91,PRO,HD3,C
544,cc,A,153,PHE,CA,C,A,139,ALA,O,O
545,cc,A,153,PHE,CB,C,A,140,ILE,HG12,C
546,cc,A,153,PHE,CD1,C,A,110,ILE,HD11,C
547,cc,A,153,PHE,CE1,C,A,110,ILE,HD11,C
548,cc,A,153,PHE,CE2,C,A,201,PHE,CE2,C
549,cc,A,153,PHE,CZ,C,A,197,VAL,HG11,C
550,cc,A,153,PHE,HA,C,A,140,ILE,HA,C
551,cc,A,153,PHE,HB2,C,A,138,CYS,HG,S
552,cc,A,153,PHE,HB3,C,A,106,ILE,HG21,C
553,cc,A,153,PHE,HB3,C,A,140,ILE,HG12,C
554,cc,A,154,ALA,HA,C,A,87,LEU,O,O
555,cc,A,154,ALA,HA,C,A,88,VAL,HA,C
556,cc,A,154,ALA,HB2,C,A,82,HIS,CE1,C
557,cc,A,154,ALA,HB3,C,A,139,ALA,HB3,C
558,cc,A,154,ALA,HB3,C,A,3930,HOH,O,O
559,cc,A,155,LEU,CD1,C,A,137,LEU,HG,C
560,cc,A,155,LEU,CD1,C,A,138,CYS,HB2,C
561,cc,A,155,LEU,HA,C,A,138,CYS,HA,C
562,cc,A,155,LEU,HA,C,A,138,CYS,SG,S
563,cc,A,155,LEU,HB3,C,A,87,LEU,HB3,C
564,cc,A,155,LEU,HD12,C,A,137,LEU,HG,C
565,cc,A,155,LEU,HD13,C,A,110,ILE,HG23,C
566,cc,A,155,LEU,HD13,C,A,138,CYS,HB2,C
567,cc,A,156,ASN,CB,C,A,178,THR,O,O
568,cc,A,156,ASN,CB,C,A,179,SER,HA,C
569,cc,A,156,ASN,HA,C,A,86,GLN,HG3,C
570,cc,A,157,VAL,CG1,C,A,188,VAL,HB,C
571,cc,A,157,VAL,HA,C,A,180,LEU,HB2,C
572,cc,A,157,VAL,HG13,C,A,188,VAL,HB,C
573,cc,A,157,VAL,HG21,C,A,193,ALA,CB,C
574,cc,A,157,VAL,HG22,C,A,180,LEU,HD12,C
575,cc,A,158,ASN,C,C,A,85,GLY,HA3,C
576,cc,A,158,ASN,HA,C,A,181,GLU,CB,C
577,cc,A,158,ASN,HA,C,A,181,GLU,HB2,C
578,cc,A,158,ASN,HA,C,A,181,GLU,OE1,O
579,cc,A,159,THR,CG2,C,A,81,TYR,HE2,Car
580,cc,A,159,THR,HA,C,A,84,PRO,O,O
581,cc,A,161,LEU,CD1,C,A,178,THR,HA,C
582,cc,A,161,LEU,HB2,C,A,4189,HOH,O,O
583,cc,A,161,LEU,HB3,C,A,177,VAL,HG23,C
584,cc,A,161,LEU,HD11,C,A,178,THR,HA,C
585,cc,A,161,LEU,HD11,C,A,179,SER,CB,C
586,cc,A,161,LEU,HD11,C,A,179,SER,HB3,C
587,cc,A,161,LEU,HD11,C,A,179,SER,N,N
588,cc,A,161,LEU,HD13,C,A,178,THR,HA,C
589,cc,A,161,LEU,HD21,C,A,179,SER,HB3,C
590,cc,A,161,LEU,HD22,C,A,177,VAL,CG2,C
591,cc,A,161,LEU,HD22,C,A,177,VAL,HG23,C
592,cc,A,163,ASP,CB,C,A,81,TYR,CE1,C
593,cc,A,163,ASP,CG,C,A,43,ARG,HH21,N
594,cc,A,163,ASP,HB2,C,A,81,TYR,CE2,C
595,cc,A,163,ASP,HB3,C,A,81,TYR,CD1,C
596,cc,A,164,PHE,CG,C,A,177,VAL,HG11,C
597,cc,A,164,PHE,CG,C,A,177,VAL,HG21,C
598,cc,A,164,PHE,CD1,C,A,81,TYR,HB3,C
599,cc,A,164,PHE,CD1,C,A,177,VAL,HG11,C
600,cc,A,164,PHE,CD2,C,A,177,VAL,HG21,C
601,cc,A,164,PHE,CE1,C,A,81,TYR,HB3,C
602,cc,A,164,PHE,CE2,C,A,81,TYR,HD2,Car
603,cc,A,165,THR,HB,C,A,3978,HOH,O,O
604,cc,A,166,VAL,CG2,C,A,63,TYR,HE2,Car
605,cc,A,166,VAL,HB,C,A,63,TYR,CE2,C
606,cc,A,166,VAL,HB,C,A,63,TYR,HE2,Car
607,cc,A,166,VAL,HG11,C,A,62,TRP,CZ3,C
608,cc,A,166,VAL,HG12,C,A,58,PHE,CE1,C
609,cc,A,166,VAL,HG21,C,A,68,PHE,CZ,C
610,cc,A,166,VAL,HG23,C,A,63,TYR,HE2,Car
611,cc,A,167,ILE,CG2,C,A,45,ILE,HD12,C
612,cc,A,167,ILE,CG2,C,A,79,VAL,HG21,C
613,cc,A,167,ILE,CD1,C,A,80,THR,C,C
614,cc,A,167,ILE,CD1,C,A,80,THR,HA,C
615,cc,A,167,ILE,HB,C,A,79,VAL,CG1,C
616,cc,A,167,ILE,HB,C,A,79,VAL,CG2,C
617,cc,A,167,ILE,HB,C,A,79,VAL,HG11,C
618,cc,A,167,ILE,HB,C,A,79,VAL,HG21,C
619,cc,A,167,ILE,HG13,C,A,4121,HOH,O,O
620,cc,A,167,ILE,HG21,C,A,45,ILE,HG23,C
621,cc,A,167,ILE,HG22,C,A,56,LEU,HD23,C
622,cc,A,167,ILE,HD12,C,A,79,VAL,HG13,C
623,cc,A,167,ILE,HD12,C,A,79,VAL,HG22,C
624,cc,A,167,ILE,HD12,C,A,80,THR,HA,C
625,cc,A,167,ILE,HD13,C,A,45,ILE,HD12,C
626,cc,A,168,VAL,HB,C,A,55,ASN,HA,C
627,cc,A,168,VAL,HG23,C,A,57,LEU,HB2,C
628,cc,A,169,PRO,CD,C,A,4121,HOH,O,O
629,cc,A,169,PRO,HB3,C,A,3982,HOH,O,O
630,cc,A,169,PRO,HB3,C,A,4244,HOH,O,O
631,cc,A,169,PRO,HG3,C,A,3982,HOH,O,O
632,cc,A,169,PRO,HD3,C,A,4121,HOH,O,O
633,cc,A,170,CYS,HB3,C,A,78,ASP,OD1,O
634,cc,A,170,CYS,HB3,C,A,4030,HOH,O,O
635,cc,A,172,LEU,CD1,C,A,4213,HOH,O,O
636,cc,A,172,LEU,HD12,C,A,4213,HOH,O,O
637,cc,A,173,LYS,CA,C,A,127,TYR,CD1,C
638,cc,A,173,LYS,C,C,A,127,TYR,CZ,C
639,cc,A,173,LYS,HA,C,A,127,TYR,CD1,C
640,cc,A,173,LYS,HA,C,A,127,TYR,CG,C
641,cc,A,174,GLY,CA,C,A,127,TYR,CE2,C
642,cc,A,174,GLY,CA,C,A,131,TRP,CZ3,C
643,cc,A,175,LYS,CD,C,A,134,GLU,OE1,O
644,cc,A,176,GLY,CA,C,A,135,ASP,OD1,O
645,cc,A,176,GLY,C,C,A,135,ASP,HA,C
646,cc,A,176,GLY,HA2,C,A,4070,HOH,O,O
647,cc,A,176,GLY,HA3,C,A,135,ASP,OD1,O
648,cc,A,176,GLY,HA3,C,A,3961,HOH,O,O
649,cc,A,177,VAL,C,C,A,135,ASP,HB3,C
650,cc,A,177,VAL,CG1,C,A,4100,HOH,O,O
651,cc,A,177,VAL,CG2,C,A,161,LEU,HD22,C
652,cc,A,177,VAL,HA,C,A,136,LYS,N,N
653,cc,A,177,VAL,HA,C,A,136,LYS,O,O
654,cc,A,177,VAL,HG11,C,A,164,PHE,CD1,C
655,cc,A,177,VAL,HG11,C,A,164,PHE,CG,C
656,cc,A,177,VAL,HG12,C,A,136,LYS,HB3,C
657,cc,A,177,VAL,HG12,C,A,4100,HOH,O,O
658,cc,A,177,VAL,HG21,C,A,164,PHE,CD2,C
659,cc,A,177,VAL,HG21,C,A,164,PHE,CG,C
660,cc,A,177,VAL,HG21,C,A,164,PHE,HB2,C
661,cc,A,177,VAL,HG23,C,A,161,LEU,HB3,C
662,cc,A,177,VAL,HG23,C,A,161,LEU,HD22,C
663,cc,A,178,THR,CB,C,A,135,ASP,HB3,C
664,cc,A,178,THR,CB,C,A,4032,HOH,O,O
665,cc,A,178,THR,HA,C,A,161,LEU,CD1,C
666,cc,A,178,THR,HA,C,A,161,LEU,HD11,C
667,cc,A,178,THR,HA,C,A,161,LEU,HD13,C
668,cc,A,178,THR,HB,C,A,4032,HOH,O,O
669,cc,A,178,THR,HG21,C,A,132,VAL,HB,C
670,cc,A,179,SER,CA,C,A,156,ASN,O,O
671,cc,A,179,SER,CB,C,A,161,LEU,HD11,C
672,cc,A,179,SER,HA,C,A,137,LEU,CD1,C
673,cc,A,179,SER,HA,C,A,137,LEU,HD12,C
674,cc,A,179,SER,HA,C,A,156,ASN,CB,C
675,cc,A,179,SER,HB2,C,A,157,VAL,O,O
676,cc,A,179,SER,HB3,C,A,161,LEU,HD11,C
677,cc,A,179,SER,HB3,C,A,161,LEU,HD21,C
678,cc,A,180,LEU,HB2,C,A,157,VAL,HA,C
679,cc,A,180,LEU,HB3,C,A,188,VAL,HG21,C
680,cc,A,180,LEU,HD12,C,A,157,VAL,HG22,C
681,cc,A,180,LEU,HD13,C,A,117,TYR,CE1,C
682,cc,A,180,LEU,HD22,C,A,119,ILE,HD12,C
683,cc,A,181,GLU,CB,C,A,157,VAL,O,O
684,cc,A,181,GLU,CB,C,A,158,ASN,HA,C
685,cc,A,181,GLU,HB2,C,A,157,VAL,O,O
686,cc,A,181,GLU,HB2,C,A,158,ASN,HA,C
687,cc,A,182,LYS,CE,C,A,3969,HOH,O,O
688,cc,A,182,LYS,HE3,C,A,3969,HOH,O,O
689,cc,A,183,LEU,CD1,C,A,119,ILE,HD13,C
690,cc,A,183,LEU,CD1,C,A,132,VAL,HG21,C
691,cc,A,183,LEU,HD11,C,A,132,VAL,HG21,C
692,cc,A,183,LEU,HD13,C,A,119,ILE,HD13,C
693,cc,A,183,LEU,HD13,C,A,119,ILE,HG21,C
694,cc,A,183,LEU,HD22,C,A,4096,HOH,O,O
695,cc,A,184,LEU,HD11,C,A,117,TYR,CD2,C
696,cc,A,184,LEU,HD22,C,A,3957,HOH,O,O
697,cc,A,185,GLY,HA2,C,A,4014,HOH,O,O
698,cc,A,186,ARG,HD2,C,A,4059,HOH,O,O
699,cc,A,187,LYS,CA,C,A,158,ASN,OD1,O
700,cc,A,188,VAL,CG1,C,A,117,TYR,OH,O
701,cc,A,188,VAL,HA,C,A,4059,HOH,O,O
702,cc,A,188,VAL,HB,C,A,157,VAL,CG1,C
703,cc,A,188,VAL,HB,C,A,157,VAL,HG13,C
704,cc,A,188,VAL,HG11,C,A,117,TYR,CZ,C
705,cc,A,188,VAL,HG11,C,A,117,TYR,OH,O
706,cc,A,188,VAL,HG21,C,A,180,LEU,HB3,C
707,cc,A,190,MET,HG2,C,A,40,GLU,OE2,O
708,cc,A,192,GLU,CG,C,A,117,TYR,HH,O
709,cc,A,192,GLU,HA,C,A,4103,HOH,O,O
710,cc,A,192,GLU,HB2,C,A,4082,HOH,O,O
711,cc,A,192,GLU,HG2,C,A,117,TYR,HH,O
712,cc,A,192,GLU,HG2,C,A,117,TYR,OH,O
713,cc,A,193,ALA,CB,C,A,157,VAL,HG21,C
714,cc,A,194,LYS,CB,C,A,38,LEU,HD13,C
715,cc,A,194,LYS,CG,C,A,87,LEU,HD13,C
716,cc,A,194,LYS,CE,C,A,87,LEU,HD13,C
717,cc,A,194,LYS,HA,C,A,87,LEU,HD21,C
718,cc,A,194,LYS,HB3,C,A,38,LEU,HD13,C
719,cc,A,194,LYS,HG2,C,A,38,LEU,HD13,C
720,cc,A,194,LYS,HG2,C,A,87,LEU,CD1,C
721,cc,A,194,LYS,HG2,C,A,87,LEU,HD11,C
722,cc,A,194,LYS,HE3,C,A,87,LEU,HD13,C
723,cc,A,195,ALA,HA,C,A,4257,HOH,O,O
724,cc,A,196,ARG,C,C,A,113,VAL,HG22,C
725,cc,A,196,ARG,CD,C,A,117,TYR,CE1,C
726,cc,A,197,VAL,CG2,C,A,113,VAL,HG21,C
727,cc,A,197,VAL,HA,C,A,113,VAL,CG2,C
728,cc,A,197,VAL,HA,C,A,113,VAL,HG21,C
729,cc,A,197,VAL,HG11,C,A,153,PHE,CZ,C
730,cc,A,197,VAL,HG21,C,A,87,LEU,CD2,C
731,cc,A,197,VAL,HG21,C,A,87,LEU,HD23,C
732,cc,A,198,VAL,CG1,C,A,5,VAL,HG21,C
733,cc,A,198,VAL,CG2,C,A,5,VAL,HG11,C
734,cc,A,198,VAL,CG2,C,A,5,VAL,HG21,C
735,cc,A,198,VAL,CG2,C,A,38,LEU,HD11,C
736,cc,A,198,VAL,HG13,C,A,5,VAL,HG21,C
737,cc,A,198,VAL,HG13,C,A,209,PRO,HB3,C
738,cc,A,198,VAL,HG21,C,A,5,VAL,HG11,C
739,cc,A,198,VAL,HG22,C,A,5,VAL,HG21,C
740,cc,A,198,VAL,HG23,C,A,38,LEU,HD11,C
741,cc,A,199,ALA,HB3,C,A,3995,HOH,O,O
742,cc,A,200,ALA,CB,C,A,113,VAL,HG23,C
743,cc,A,200,ALA,HA,C,A,4081,HOH,O,O
744,cc,A,200,ALA,HB1,C,A,109,ALA,HA,C
745,cc,A,200,ALA,HB1,C,A,109,ALA,O,O
746,cc,A,200,ALA,HB1,C,A,112,ARG,HB2,C
747,cc,A,201,PHE,CD2,C,A,109,ALA,HB1,C
748,cc,A,201,PHE,CE2,C,A,153,PHE,CE2,C
749,cc,A,201,PHE,CZ,C,A,153,PHE,HE2,Car
750,cc,A,202,ALA,HA,C,A,3,PHE,CE2,C
751,cc,A,204,VAL,CG1,C,A,105,GLN,HB3,C
752,cc,A,204,VAL,CG2,C,A,108,GLU,HG3,C
753,cc,A,204,VAL,CG2,C,A,112,ARG,HD3,C
754,cc,A,204,VAL,HG12,C,A,105,GLN,HB3,C
755,cc,A,204,VAL,HG21,C,A,109,ALA,CA,C
756,cc,A,204,VAL,HG21,C,A,109,ALA,HA,C
757,cc,A,204,VAL,HG21,C,A,109,ALA,N,N
758,cc,A,204,VAL,HG22,C,A,108,GLU,HG3,C
759,cc,A,205,PHE,CE1,C,A,105,GLN,HB3,C
760,cc,A,205,PHE,CE2,C,A,93,PHE,CD2,C
761,cc,A,205,PHE,CE2,C,A,93,PHE,CE2,C
762,cc,A,205,PHE,CE2,C,A,105,GLN,OE1,O
763,cc,A,205,PHE,CZ,C,A,105,GLN,CB,C
764,cc,A,205,PHE,CZ,C,A,105,GLN,HB2,C
765,cc,A,205,PHE,CZ,C,A,105,GLN,HB3,C
766,cc,A,206,GLY,HA2,C,A,4037,HOH,O,O
767,cc,A,207,LEU,CB,C,A,3,PHE,CD2,C
768,cc,A,207,LEU,CB,C,A,3,PHE,HD2,Car
769,cc,A,207,LEU,CD1,C,A,3,PHE,HB3,C
770,cc,A,207,LEU,HA,C,A,1,MET,O,O
771,cc,A,207,LEU,HB2,C,A,3,PHE,CD2,C
772,cc,A,207,LEU,HB3,C,A,3,PHE,HD2,Car
773,cc,A,207,LEU,HD22,C,A,1,MET,C,C
774,cc,A,209,PRO,CA,C,A,3,PHE,CE2,C
775,cc,A,209,PRO,HA,C,A,3,PHE,CD2,C
776,cc,A,209,PRO,HA,C,A,3,PHE,CE2,C
777,cc,A,209,PRO,HB3,C,A,3,PHE,CE2,C
778,cc,A,209,PRO,HB3,C,A,198,VAL,HG13,C
779,cc,A,210,VAL,CG1,C,A,2,GLU,CD,C
780,cc,A,210,VAL,CG2,C,A,4,LEU,HA,C
781,cc,A,210,VAL,HG11,C,A,2,GLU,CD,C
782,cc,A,210,VAL,HG11,C,A,2,GLU,OE1,O
783,cc,A,210,VAL,HG22,C,A,4,LEU,HA,C
784,cc,A,210,VAL,HG23,C,A,4,LEU,CD1,C
785,cc,A,210,VAL,HG23,C,A,4,LEU,HA,C
786,cc,A,210,VAL,HG23,C,A,4,LEU,HD12,C
787,cc,A,210,VAL,HG23,C,A,4,LEU,HD13,C
788,cc,A,3913,OCA,C1,C,A,77,GLY,HA3,C
789,cc,A,3913,OCA,C3,C,A,139,ALA,HB1,C
790,cc,A,3913,OCA,C4,C,A,75,ARG,CZ,C
791,cc,A,3913,OCA,C4,C,A,80,THR,HG21,C
792,cc,A,3913,OCA,C5,C,A,139,ALA,HB1,C
793,cc,A,3913,OCA,C6,C,A,80,THR,HG21,C
794,cc,A,163,ASP,HB3,C,A,81,TYR,CZ,C
795,cc,A,207,LEU,HB2,C,A,3,PHE,HD2,Car
796,hb,A,13,TYR,CE1,C,A,3937,HOH,O,O
797,hb,A,13,TYR,CE1,C,A,3945,HOH,O,O
798,hb,A,13,TYR,CZ,C,A,3937,HOH,O,O
799,hb,A,13,TYR,CZ,C,A,3945,HOH,O,O
800,hb,A,68,PHE,CZ,C,A,3976,HOH,O,O
801,hb,A,71,TYR,CD2,C,A,4071,HOH,O,O
802,hb,A,71,TYR,CE1,C,A,4192,HOH,O,O
803,hb,A,71,TYR,CE2,C,A,4071,HOH,O,O
804,hb,A,71,TYR,CZ,C,A,4192,HOH,O,O
805,hb,A,72,TRP,CZ3,C,A,4053,HOH,O,O
806,hb,A,90,TYR,CE1,C,A,3937,HOH,O,O
807,hb,A,90,TYR,CE2,C,A,3945,HOH,O,O
808,hb,A,90,TYR,CZ,C,A,3937,HOH,O,O
809,hb,A,90,TYR,CZ,C,A,3945,HOH,O,O
810,hb,A,102,PHE,CE2,C,A,3946,HOH,O,O
811,hb,A,102,PHE,CZ,C,A,3946,HOH,O,O
812,hb,A,122,TYR,CD1,C,A,4201,HOH,O,O
813,hb,A,122,TYR,CE1,C,A,4201,HOH,O,O
814,hb,A,122,TYR,CZ,C,A,4258,HOH,O,O
815,hb,A,127,TYR,CE1,C,A,3943,HOH,O,O
816,hb,A,127,TYR,CZ,C,A,3943,HOH,O,O
817,hb,A,131,TRP,CZ3,C,A,4026,HOH,O,O
818,hb,A,131,TRP,CH2,C,A,174,GLY,H,N
819,hb,A,131,TRP,CH2,C,A,4026,HOH,O,O
820,hb,A,164,PHE,CE1,C,A,4100,HOH,O,O
821,cc,A,3,PHE,HD2,Car,A,207,LEU,CB,C
822,cc,A,3,PHE,HD2,Car,A,207,LEU,HB3,C
823,cc,A,19,TYR,HE2,Car,A,37,LEU,HD22,C
824,cc,A,24,HIS,HD2,Car,A,148,VAL,HG12,C
825,cc,A,24,HIS,HD2,Car,A,149,SER,O,O
826,cc,A,63,TYR,HE2,Car,A,166,VAL,CG2,C
827,cc,A,63,TYR,HE2,Car,A,166,VAL,HB,C
828,cc,A,63,TYR,HE2,Car,A,166,VAL,HG23,C
829,cc,A,68,PHE,HE2,Car,A,81,TYR,CD1,C
830,cc,A,68,PHE,HE2,Car,A,81,TYR,CE1,C
831,cc,A,71,TYR,HD1,Car,A,44,VAL,CG2,C
832,cc,A,71,TYR,HD1,Car,A,44,VAL,HG21,C
833,cc,A,71,TYR,HE1,Car,A,13,TYR,HB3,C
834,cc,A,72,TRP,HE3,Car,A,4017,HOH,O,O
835,cc,A,72,TRP,HZ2,Car,A,4230,HOH,O,O
836,cc,A,72,TRP,HZ3,Car,A,51,ALA,O,O
837,cc,A,81,TYR,HD1,Car,A,45,ILE,HD13,C
838,cc,A,81,TYR,HD2,Car,A,164,PHE,CE2,C
839,cc,A,81,TYR,HE2,Car,A,159,THR,CG2,C
840,cc,A,90,TYR,HD1,Car,A,151,HIS,O,O
841,cc,A,90,TYR,HE1,Car,A,3913,OCA,C8,C
842,cc,A,93,PHE,HE1,Car,A,35,THR,C,C
843,cc,A,102,PHE,HE2,Car,A,3946,HOH,O,O
844,cc,A,102,PHE,HZ,Car,A,91,PRO,HB2,C
845,cc,A,117,TYR,HE2,Car,A,192,GLU,OE1,O
846,cc,A,122,TYR,HD1,Car,A,131,TRP,O,O
847,cc,A,127,TYR,HE1,Car,A,3943,HOH,O,O
848,cc,A,151,HIS,HE1,Car,A,13,TYR,OH,O
849,cc,A,153,PHE,HE2,Car,A,201,PHE,CZ,C
850,cc,A,201,PHE,HZ,Car,A,153,PHE,CE2,C
851,cc,A,3,PHE,HD2,Car,A,207,LEU,HB2,C
852,cc,A,2,GLU,H,N,A,3955,HOH,O,O
853,hb,A,2,GLU,H,N,A,4043,HOH,O,O
854,cc,A,4,LEU,N,N,A,34,PRO,O,O
855,cc,A,8,LEU,N,N,A,38,LEU,O,O
856,hb,A,10,LEU,H,N,A,4228,HOH,O,O
857,cc,A,10,LEU,H,N,A,4239,HOH,O,O
858,cc,A,17,TRP,N,N,A,3945,HOH,O,O
859,cc,A,20,GLN,NE2,N,A,90,TYR,CE2,C
860,cc,A,20,GLN,NE2,N,A,90,TYR,CZ,C
861,hb,A,22,ARG,HH21,N,A,3932,HOH,O,O
862,cc,A,24,HIS,N,N,A,92,ILE,HG21,C
863,cc,A,24,HIS,NE2,N,A,145,LYS,O,O
864,cc,A,24,HIS,NE2,N,A,148,VAL,O,O
865,hb,A,24,HIS,HE2,N,A,145,LYS,O,O
866,cc,A,25,ARG,HH22,N,A,3932,HOH,O,O
867,hb,A,31,ASN,HD22,N,A,3914,HOH,O,O
868,cc,A,32,ARG,NE,N,A,23,VAL,HG13,C
869,cc,A,32,ARG,NH1,N,A,6,GLU,OE2,O
870,cc,A,32,ARG,NH2,N,A,6,GLU,OE2,O
871,cc,A,32,ARG,HH12,N,A,4,LEU,HD23,C
872,hb,A,32,ARG,HH22,N,A,6,GLU,OE2,O
873,cc,A,39,LEU,N,N,A,88,VAL,O,O
874,cc,A,41,HIS,ND1,N,A,13,TYR,HA,C
875,cc,A,41,HIS,NE2,N,A,13,TYR,CD1,C
876,cc,A,42,PRO,N,N,A,10,LEU,HD11,C
877,cc,A,43,ARG,NH1,N,A,67,GLY,HA3,C
878,cc,A,43,ARG,NH2,N,A,68,PHE,CE1,C
879,cc,A,43,ARG,NH2,N,A,4006,HOH,O,O
880,hb,A,43,ARG,H,N,A,3921,HOH,O,O
881,cc,A,43,ARG,HH11,N,A,4016,HOH,O,O
882,cc,A,43,ARG,HH22,N,A,68,PHE,CE1,C
883,cc,A,44,VAL,N,N,A,82,HIS,O,O
884,cc,A,47,LEU,N,N,A,71,TYR,O,O
885,cc,A,49,ARG,NH1,N,A,74,GLU,O,O
886,cc,A,49,ARG,NH2,N,A,76,GLY,CA,C
887,cc,A,49,ARG,NH2,N,A,76,GLY,HA2,C
888,cc,A,49,ARG,NH2,N,A,4066,HOH,O,O
889,cc,A,49,ARG,HH11,N,A,4005,HOH,O,O
890,cc,A,51,ALA,N,N,A,78,ASP,HA,C
891,hb,A,53,GLY,H,N,A,3962,HOH,O,O
892,cc,A,55,ASN,HD22,N,A,4030,HOH,O,O
893,cc,A,57,LEU,H,N,A,166,VAL,O,O
894,hb,A,60,GLU,H,N,A,3925,HOH,O,O
895,cc,A,64,ARG,HH11,N,A,4196,HOH,O,O
896,hb,A,64,ARG,HH21,N,A,4071,HOH,O,O
897,hb,A,70,LEU,H,N,A,4227,HOH,O,O
898,cc,A,72,TRP,NE1,N,A,47,LEU,HD13,C
899,hb,A,72,TRP,H,N,A,3916,HOH,O,O
900,hb,A,74,GLU,H,N,A,4188,HOH,O,O
901,cc,A,75,ARG,NH2,N,A,46,THR,O,O
902,cc,A,75,ARG,HH22,N,A,46,THR,O,O
903,hb,A,77,GLY,H,N,A,3918,HOH,O,O
904,cc,A,80,THR,N,N,A,46,THR,O,O
905,cc,A,88,VAL,N,N,A,39,LEU,O,O
906,cc,A,95,VAL,N,N,A,147,GLY,O,O
907,cc,A,95,VAL,H,N,A,147,GLY,O,O
908,hb,A,100,ARG,H,N,A,3915,HOH,O,O
909,hb,A,101,ARG,H,N,A,4068,HOH,O,O
910,cc,A,109,ALA,N,N,A,204,VAL,HG21,C
911,cc,A,112,ARG,HE,N,A,4081,HOH,O,O
912,cc,A,122,TYR,N,N,A,131,TRP,O,O
913,cc,A,136,LYS,N,N,A,177,VAL,HA,C
914,hb,A,139,ALA,H,N,A,154,ALA,O,O
915,hb,A,140,ILE,H,N,A,4191,HOH,O,O
916,hb,A,142,VAL,H,N,A,3920,HOH,O,O
917,cc,A,145,LYS,NZ,N,A,4085,HOH,O,O
918,cc,A,152,GLY,N,N,A,141,GLY,O,O
919,cc,A,154,ALA,N,N,A,139,ALA,O,O
920,cc,A,156,ASN,ND2,N,A,178,THR,O,O
921,cc,A,156,ASN,ND2,N,A,3956,HOH,O,O
922,cc,A,156,ASN,HD22,N,A,178,THR,O,O
923,hb,A,157,VAL,H,N,A,85,GLY,O,O
924,hb,A,158,ASN,HD21,N,A,4226,HOH,O,O
925,hb,A,161,LEU,H,N,A,4189,HOH,O,O
926,cc,A,166,VAL,N,N,A,3978,HOH,O,O
927,cc,A,166,VAL,H,N,A,3978,HOH,O,O
928,cc,A,172,LEU,H,N,A,4256,HOH,O,O
929,cc,A,173,LYS,N,N,A,127,TYR,CE1,C
930,cc,A,173,LYS,NZ,N,A,3951,HOH,O,O
931,cc,A,173,LYS,HZ2,N,A,3951,HOH,O,O
932,cc,A,174,GLY,N,N,A,127,TYR,CE2,C
933,cc,A,174,GLY,N,N,A,131,TRP,CH2,C
934,cc,A,174,GLY,N,N,A,131,TRP,CZ3,C
935,hb,A,174,GLY,H,N,A,131,TRP,CZ3,C
936,cc,A,176,GLY,N,N,A,135,ASP,OD1,O
937,cc,A,176,GLY,H,N,A,134,GLU,O,O
938,hb,A,177,VAL,H,N,A,3961,HOH,O,O
939,cc,A,179,SER,N,N,A,161,LEU,HD11,C
940,cc,A,180,LEU,N,N,A,156,ASN,O,O
941,hb,A,187,LYS,HZ1,N,A,4024,HOH,O,O
942,cc,A,194,LYS,HZ3,N,A,7,ASP,CG,C
943,cc,A,196,ARG,NH1,N,A,116,GLY,O,O
944,cc,A,196,ARG,NH1,N,A,117,TYR,CD2,C
945,cc,A,196,ARG,NH1,N,A,117,TYR,CE1,C
946,cc,A,196,ARG,NH1,N,A,117,TYR,CE2,C
947,cc,A,196,ARG,NH1,N,A,117,TYR,CZ,C
948,cc,A,196,ARG,HH11,N,A,117,TYR,CE1,C
949,hb,A,196,ARG,HH11,N,A,4054,HOH,O,O
950,cc,A,196,ARG,HH12,N,A,116,GLY,O,O
951,cc,A,208,ARG,N,N,A,2,GLU,HA,C
952,cc,A,208,ARG,H,N,A,2,GLU,HA,C
953,cc,A,210,VAL,N,N,A,3,PHE,O,O
954,hb,A,1,MET,H3,N,A,3955,HOH,O,O
955,hb,A,3,PHE,H,N,A,208,ARG,O,O
956,hb,A,5,VAL,H,N,A,210,VAL,O,O
957,hb,A,6,GLU,H,N,A,36,LEU,O,O
958,hb,A,7,ASP,H,N,A,3929,HOH,O,O
959,hb,A,11,VAL,H,N,A,40,GLU,O,O
960,hb,A,13,TYR,H,N,A,3938,HOH,O,O
961,hb,A,14,GLY,H,N,A,4192,HOH,O,O
962,hb,A,17,TRP,HE1,N,A,4188,HOH,O,O
963,hb,A,20,GLN,HE21,N,A,3945,HOH,O,O
964,hb,A,21,LYS,HZ1,N,A,4085,HOH,O,O
965,hb,A,24,HIS,HE2,N,A,148,VAL,O,O
966,hb,A,25,ARG,HH21,N,A,4099,HOH,O,O
967,hb,A,35,THR,H,N,A,92,ILE,O,O
968,cc,A,36,LEU,N,N,A,4,LEU,O,O
969,hb,A,37,LEU,H,N,A,90,TYR,O,O
970,hb,A,39,LEU,H,N,A,88,VAL,O,O
971,hb,A,40,GLU,H,N,A,9,GLY,O,O
972,hb,A,41,HIS,HD1,N,A,11,VAL,O,O
973,hb,A,43,ARG,HH12,N,A,66,ASN,O,O
974,hb,A,43,ARG,HH21,N,A,163,ASP,OD1,O
975,hb,A,43,ARG,HH22,N,A,4006,HOH,O,O
976,hb,A,44,VAL,H,N,A,82,HIS,O,O
977,hb,A,46,THR,H,N,A,80,THR,O,O
978,hb,A,47,LEU,H,N,A,71,TYR,O,O
979,hb,A,49,ARG,H,N,A,75,ARG,O,O
980,hb,A,49,ARG,HH11,N,A,74,GLU,O,O
981,hb,A,49,ARG,HH22,N,A,4066,HOH,O,O
982,hb,A,50,LYS,H,N,A,77,GLY,O,O
983,hb,A,61,SER,H,N,A,4225,HOH,O,O
984,hb,A,64,ARG,HE,N,A,4227,HOH,O,O
985,hb,A,69,GLU,H,N,A,43,ARG,O,O
986,hb,A,71,TYR,H,N,A,45,ILE,O,O
987,hb,A,72,TRP,HE1,N,A,60,GLU,OE2,O
988,hb,A,75,ARG,HE,N,A,3942,HOH,O,O
989,hb,A,76,GLY,H,N,A,142,VAL,O,O
990,hb,A,80,THR,H,N,A,46,THR,O,O
991,hb,A,82,HIS,H,N,A,44,VAL,O,O
992,hb,A,86,GLN,HE21,N,A,156,ASN,OD1,O
993,cc,A,87,LEU,N,N,A,155,LEU,O,O
994,cc,A,90,TYR,N,N,A,37,LEU,O,O
995,hb,A,93,PHE,H,N,A,149,SER,OG,O
996,hb,A,96,GLY,H,N,A,147,GLY,O,O
997,hb,A,97,ARG,H,N,A,3934,HOH,O,O
998,cc,A,104,ARG,NH1,N,A,3975,HOH,O,O
999,hb,A,120,SER,H,N,A,3926,HOH,O,O
1000,hb,A,121,ALA,H,N,A,3947,HOH,O,O
1001,hb,A,128,ALA,H,N,A,4056,HOH,O,O
1002,hb,A,134,GLU,H,N,A,3933,HOH,O,O
1003,hb,A,136,LYS,HZ1,N,A,3919,HOH,O,O
1004,hb,A,136,LYS,HZ2,N,A,3923,HOH,O,O
1005,hb,A,136,LYS,HZ3,N,A,4191,HOH,O,O
1006,hb,A,138,CYS,H,N,A,130,VAL,O,O
1007,hb,A,141,GLY,H,N,A,152,GLY,O,O
1008,hb,A,144,VAL,H,N,A,4190,HOH,O,O
1009,hb,A,145,LYS,HZ2,N,A,4085,HOH,O,O
1010,hb,A,146,GLU,H,N,A,3935,HOH,O,O
1011,hb,A,147,GLY,H,N,A,3928,HOH,O,O
1012,hb,A,149,SER,H,N,A,93,PHE,O,O
1013,cc,A,151,HIS,N,N,A,20,GLN,OE1,O
1014,hb,A,152,GLY,H,N,A,141,GLY,O,O
1015,cc,A,155,LEU,N,N,A,87,LEU,O,O
1016,hb,A,156,ASN,H,N,A,137,LEU,O,O
1017,hb,A,156,ASN,HD21,N,A,3956,HOH,O,O
1018,cc,A,158,ASN,N,N,A,85,GLY,O,O
1019,hb,A,160,ASP,H,N,A,3963,HOH,O,O
1020,cc,A,168,VAL,N,N,A,55,ASN,O,O
1021,cc,A,175,LYS,N,N,A,134,GLU,O,O
1022,hb,A,178,THR,H,N,A,136,LYS,O,O
1023,hb,A,180,LEU,H,N,A,156,ASN,O,O
1024,hb,A,182,LYS,HZ2,N,A,4032,HOH,O,O
1025,hb,A,186,ARG,HH11,N,A,4059,HOH,O,O
1026,hb,A,187,LYS,H,N,A,3939,HOH,O,O
1027,hb,A,188,VAL,H,N,A,158,ASN,OD1,O
1028,hb,A,190,MET,H,N,A,3940,HOH,O,O
1029,hb,A,191,GLU,H,N,A,3922,HOH,O,O
1030,hb,A,194,LYS,HZ2,N,A,3917,HOH,O,O
1031,hb,A,196,ARG,HH21,N,A,4114,HOH,O,O
1032,hb,A,4,LEU,H,N,A,34,PRO,O,O
1033,hb,A,8,LEU,H,N,A,38,LEU,O,O
1034,hb,A,24,HIS,ND1,N,A,3967,HOH,O,O
1035,hb,A,32,ARG,HH12,N,A,6,GLU,OE2,O
1036,hb,A,36,LEU,H,N,A,4,LEU,O,O
1037,hb,A,38,LEU,H,N,A,6,GLU,O,O
1038,hb,A,41,HIS,H,N,A,3950,HOH,O,O
1039,hb,A,43,ARG,HE,N,A,163,ASP,OD2,O
1040,hb,A,45,ILE,H,N,A,69,GLU,O,O
1041,hb,A,48,GLY,H,N,A,78,ASP,O,O
1042,hb,A,55,ASN,HD21,N,A,168,VAL,O,O
1043,hb,A,73,VAL,H,N,A,47,LEU,O,O
1044,hb,A,75,ARG,HH21,N,A,46,THR,OG1,O
1045,hb,A,78,ASP,H,N,A,3913,OCA,O1,O
1046,hb,A,82,HIS,NE2,N,A,3942,HOH,O,O
1047,hb,A,85,GLY,H,N,A,40,GLU,OE1,O
1048,hb,A,87,LEU,H,N,A,155,LEU,O,O
1049,hb,A,88,VAL,H,N,A,39,LEU,O,O
1050,hb,A,89,GLY,H,N,A,153,PHE,O,O
1051,hb,A,90,TYR,H,N,A,37,LEU,O,O
1052,hb,A,92,ILE,H,N,A,35,THR,O,O
1053,hb,A,104,ARG,HH11,N,A,3975,HOH,O,O
1054,hb,A,104,ARG,HH22,N,A,4063,HOH,O,O
1055,hb,A,122,TYR,H,N,A,131,TRP,O,O
1056,hb,A,129,GLY,H,N,A,3971,HOH,O,O
1057,hb,A,130,VAL,H,N,A,138,CYS,O,O
1058,hb,A,131,TRP,H,N,A,122,TYR,O,O
1059,hb,A,133,GLY,H,N,A,4201,HOH,O,O
1060,hb,A,136,LYS,H,N,A,176,GLY,O,O
1061,hb,A,145,LYS,HZ3,N,A,4240,HOH,O,O
1062,hb,A,151,HIS,ND1,N,A,3937,HOH,O,O
1063,hb,A,151,HIS,NE2,N,A,4188,HOH,O,O
1064,hb,A,151,HIS,H,N,A,20,GLN,OE1,O
1065,hb,A,151,HIS,HD1,N,A,3937,HOH,O,O
1066,hb,A,153,PHE,H,N,A,89,GLY,O,O
1067,hb,A,154,ALA,H,N,A,139,ALA,O,O
1068,hb,A,155,LEU,H,N,A,87,LEU,O,O
1069,hb,A,158,ASN,H,N,A,85,GLY,O,O
1070,hb,A,158,ASN,HD22,N,A,188,VAL,O,O
1071,hb,A,168,VAL,H,N,A,55,ASN,O,O
1072,hb,A,170,CYS,H,N,A,78,ASP,OD1,O
1073,hb,A,174,GLY,H,N,A,131,TRP,CH2,C
1074,hb,A,175,LYS,H,N,A,134,GLU,O,O
1075,hb,A,175,LYS,HZ2,N,A,4010,HOH,O,O
1076,hb,A,181,GLU,H,N,A,157,VAL,O,O
1077,hb,A,194,LYS,HZ1,N,A,3987,HOH,O,O
1078,hb,A,194,LYS,HZ3,N,A,7,ASP,OD1,O
1079,hb,A,208,ARG,H,N,A,1,MET,O,O
1080,hb,A,210,VAL,H,N,A,3,PHE,O,O
1081,cc,A,1,MET,O,O,A,207,LEU,HA,C
1082,cc,A,2,GLU,OE1,O,A,210,VAL,HG11,C
1083,hb,A,6,GLU,OE2,O,A,32,ARG,HH22,N
1084,cc,A,7,ASP,OD2,O,A,194,LYS,HZ3,N
1085,cc,A,9,GLY,O,O,A,39,LEU,HA,C
1086,cc,A,9,GLY,O,O,A,39,LEU,HB2,C
1087,cc,A,11,VAL,O,O,A,41,HIS,HA,C
1088,cc,A,11,VAL,O,O,A,42,PRO,CD,C
1089,cc,A,11,VAL,O,O,A,42,PRO,HD2,C
1090,cc,A,11,VAL,O,O,A,42,PRO,HD3,C
1091,cc,A,13,TYR,OH,O,A,151,HIS,CE1,C
1092,cc,A,13,TYR,OH,O,A,151,HIS,HE1,Car
1093,cc,A,34,PRO,O,O,A,3,PHE,CA,C
1094,cc,A,34,PRO,O,O,A,3,PHE,HA,C
1095,cc,A,34,PRO,O,O,A,3,PHE,HB2,C
1096,cc,A,35,THR,O,O,A,91,PRO,HA,C
1097,cc,A,39,LEU,O,O,A,87,LEU,HD12,C
1098,cc,A,40,GLU,O,O,A,10,LEU,HD12,C
1099,cc,A,40,GLU,OE1,O,A,84,PRO,HA,C
1100,cc,A,40,GLU,OE2,O,A,190,MET,HG2,C
1101,cc,A,41,HIS,O,O,A,83,GLY,C,C
1102,cc,A,41,HIS,O,O,A,83,GLY,CA,C
1103,cc,A,43,ARG,O,O,A,68,PHE,HA,C
1104,cc,A,46,THR,O,O,A,75,ARG,NH2,N
1105,cc,A,46,THR,OG1,O,A,80,THR,HG22,C
1106,cc,A,51,ALA,O,O,A,72,TRP,HZ3,Car
1107,cc,A,55,ASN,OD1,O,A,78,ASP,HB2,C
1108,cc,A,67,GLY,O,O,A,43,ARG,HB2,C
1109,cc,A,69,GLU,O,O,A,44,VAL,HG23,C
1110,cc,A,71,TYR,O,O,A,47,LEU,N,N
1111,cc,A,74,GLU,O,O,A,49,ARG,CG,C
1112,cc,A,74,GLU,O,O,A,49,ARG,HD3,C
1113,cc,A,74,GLU,O,O,A,49,ARG,HG3,C
1114,cc,A,74,GLU,O,O,A,49,ARG,NH1,N
1115,cc,A,77,GLY,O,O,A,50,LYS,HB2,C
1116,cc,A,78,ASP,O,O,A,47,LEU,HA,C
1117,cc,A,78,ASP,OD1,O,A,170,CYS,HB3,C
1118,cc,A,81,TYR,OH,O,A,43,ARG,HG2,C
1119,cc,A,82,HIS,O,O,A,44,VAL,N,N
1120,cc,A,84,PRO,O,O,A,159,THR,HA,C
1121,hb,A,85,GLY,O,O,A,157,VAL,H,N
1122,cc,A,87,LEU,O,O,A,154,ALA,HA,C
1123,cc,A,88,VAL,O,O,A,38,LEU,HA,C
1124,cc,A,88,VAL,O,O,A,39,LEU,N,N
1125,cc,A,88,VAL,O,O,A,39,LEU,HD23,C
1126,cc,A,92,ILE,O,O,A,34,PRO,HA,C
1127,cc,A,93,PHE,O,O,A,148,VAL,HG13,C
1128,cc,A,105,GLN,OE1,O,A,205,PHE,CE2,C
1129,cc,A,107,GLU,OE1,O,A,123,PRO,HB3,C
1130,cc,A,109,ALA,O,O,A,200,ALA,HB1,C
1131,cc,A,116,GLY,O,O,A,196,ARG,NH1,N
1132,cc,A,116,GLY,O,O,A,196,ARG,HH12,N
1133,cc,A,117,TYR,OH,O,A,188,VAL,CG1,C
1134,cc,A,117,TYR,OH,O,A,188,VAL,HG11,C
1135,cc,A,117,TYR,OH,O,A,192,GLU,HG2,C
1136,cc,A,117,TYR,HH,O,A,192,GLU,HG2,C
1137,cc,A,120,SER,O,O,A,132,VAL,HG13,C
1138,cc,A,121,ALA,O,O,A,111,VAL,HG13,C
1139,cc,A,122,TYR,O,O,A,130,VAL,HA,C
1140,cc,A,128,ALA,O,O,A,136,LYS,HE2,C
1141,hb,A,130,VAL,O,O,A,138,CYS,H,N
1142,cc,A,131,TRP,O,O,A,121,ALA,CA,C
1143,cc,A,131,TRP,O,O,A,122,TYR,HD1,Car
1144,cc,A,134,GLU,O,O,A,176,GLY,H,N
1145,cc,A,134,GLU,OE1,O,A,175,LYS,CD,C
1146,cc,A,135,ASP,OD1,O,A,176,GLY,CA,C
1147,cc,A,135,ASP,OD1,O,A,176,GLY,HA3,C
1148,cc,A,135,ASP,OD1,O,A,176,GLY,N,N
1149,cc,A,136,LYS,O,O,A,177,VAL,HA,C
1150,cc,A,138,CYS,O,O,A,129,GLY,CA,C
1151,cc,A,138,CYS,O,O,A,129,GLY,HA3,C
1152,cc,A,139,ALA,O,O,A,153,PHE,CA,C
1153,cc,A,141,GLY,O,O,A,151,HIS,HB3,C
1154,cc,A,142,VAL,O,O,A,75,ARG,HA,C
1155,cc,A,145,LYS,O,O,A,24,HIS,CE1,C
1156,hb,A,145,LYS,O,O,A,24,HIS,HE2,N
1157,cc,A,145,LYS,O,O,A,24,HIS,NE2,N
1158,cc,A,146,GLU,OE2,O,A,28,VAL,HG11,C
1159,cc,A,147,GLY,O,O,A,94,PRO,HA,C
1160,cc,A,147,GLY,O,O,A,95,VAL,H,N
1161,cc,A,147,GLY,O,O,A,95,VAL,N,N
1162,cc,A,148,VAL,O,O,A,24,HIS,NE2,N
1163,cc,A,149,SER,O,O,A,24,HIS,HD2,Car
1164,cc,A,151,HIS,O,O,A,90,TYR,HD1,Car
1165,cc,A,152,GLY,O,O,A,140,ILE,HA,C
1166,cc,A,153,PHE,O,O,A,88,VAL,HA,C
1167,hb,A,154,ALA,O,O,A,139,ALA,H,N
1168,cc,A,155,LEU,O,O,A,86,GLN,HA,C
1169,cc,A,156,ASN,O,O,A,179,SER,CA,C
1170,cc,A,157,VAL,O,O,A,179,SER,HB2,C
1171,cc,A,157,VAL,O,O,A,181,GLU,CB,C
1172,cc,A,157,VAL,O,O,A,181,GLU,HB2,C
1173,cc,A,159,THR,OG1,O,A,86,GLN,HB2,C
1174,cc,A,163,ASP,OD2,O,A,81,TYR,CZ,C
1175,cc,A,166,VAL,O,O,A,57,LEU,H,N
1176,cc,A,173,LYS,O,O,A,127,TYR,CZ,C
1177,cc,A,178,THR,O,O,A,137,LEU,HA,C
1178,cc,A,178,THR,O,O,A,156,ASN,CB,C
1179,cc,A,178,THR,O,O,A,156,ASN,HD22,N
1180,cc,A,181,GLU,OE1,O,A,158,ASN,HA,C
1181,cc,A,192,GLU,OE1,O,A,117,TYR,CE2,C
1182,cc,A,192,GLU,OE1,O,A,117,TYR,HE2,Car
1183,cc,A,196,ARG,O,O,A,113,VAL,HG22,C
1184,cc,A,208,ARG,O,O,A,2,GLU,CA,C
1185,cc,A,3914,HOH,O,O,A,26,GLU,HG2,C
1186,hb,A,3914,HOH,O,O,A,31,ASN,HD22,N
1187,hb,A,3915,HOH,O,O,A,100,ARG,H,N
1188,hb,A,3916,HOH,O,O,A,72,TRP,H,N
1189,hb,A,3918,HOH,O,O,A,77,GLY,H,N
1190,cc,A,3920,HOH,O,O,A,141,GLY,HA2,C
1191,hb,A,3920,HOH,O,O,A,142,VAL,H,N
1192,hb,A,3921,HOH,O,O,A,43,ARG,H,N
1193,cc,A,3921,HOH,O,O,A,43,ARG,HG3,C
1194,hb,A,3922,HOH,O,O,A,191,GLU,H,N
1195,hb,A,3923,HOH,O,O,A,80,THR,OG1,O
1196,hb,A,3923,HOH,O,O,A,136,LYS,HZ2,N
1197,hb,A,3924,HOH,O,O,A,26,GLU,OE1,O
1198,hb,A,3924,HOH,O,O,A,31,ASN,O,O
1199,hb,A,3925,HOH,O,O,A,60,GLU,H,N
1200,cc,A,3926,HOH,O,O,A,119,ILE,HA,C
1201,hb,A,3927,HOH,O,O,A,100,ARG,O,O
1202,cc,A,3927,HOH,O,O,A,103,LEU,HB2,C
1203,hb,A,3930,HOH,O,O,A,80,THR,OG1,O
1204,hb,A,3930,HOH,O,O,A,81,TYR,O,O
1205,cc,A,3930,HOH,O,O,A,154,ALA,HB3,C
1206,hb,A,3932,HOH,O,O,A,22,ARG,HH21,N
1207,cc,A,3932,HOH,O,O,A,25,ARG,HH22,N
1208,cc,A,3933,HOH,O,O,A,133,GLY,HA3,C
1209,hb,A,3937,HOH,O,O,A,13,TYR,CE1,C
1210,hb,A,3937,HOH,O,O,A,90,TYR,CE1,C
1211,hb,A,3937,HOH,O,O,A,90,TYR,CZ,C
1212,hb,A,3937,HOH,O,O,A,90,TYR,OH,O
1213,cc,A,3938,HOH,O,O,A,13,TYR,HB2,C
1214,cc,A,3938,HOH,O,O,A,42,PRO,HD2,C
1215,hb,A,3938,HOH,O,O,A,42,PRO,O,O
1216,cc,A,3938,HOH,O,O,A,44,VAL,HB,C
1217,hb,A,3943,HOH,O,O,A,127,TYR,CE1,C
1218,cc,A,3943,HOH,O,O,A,127,TYR,HE1,Car
1219,hb,A,3945,HOH,O,O,A,13,TYR,CE1,C
1220,hb,A,3945,HOH,O,O,A,13,TYR,CZ,C
1221,cc,A,3945,HOH,O,O,A,17,TRP,N,N
1222,hb,A,3945,HOH,O,O,A,90,TYR,CE2,C
1223,hb,A,3945,HOH,O,O,A,90,TYR,CZ,C
1224,hb,A,3945,HOH,O,O,A,90,TYR,OH,O
1225,cc,A,3946,HOH,O,O,A,91,PRO,HD2,C
1226,hb,A,3946,HOH,O,O,A,91,PRO,O,O
1227,hb,A,3946,HOH,O,O,A,102,PHE,CE2,C
1228,hb,A,3946,HOH,O,O,A,102,PHE,CZ,C
1229,cc,A,3946,HOH,O,O,A,102,PHE,HE2,Car
1230,hb,A,3946,HOH,O,O,A,150,PHE,O,O
1231,hb,A,3946,HOH,O,O,A,151,HIS,O,O
1232,hb,A,3947,HOH,O,O,A,111,VAL,O,O
1233,cc,A,3947,HOH,O,O,A,111,VAL,HG13,C
1234,cc,A,3947,HOH,O,O,A,115,ALA,HB2,C
1235,cc,A,3947,HOH,O,O,A,120,SER,HA,C
1236,cc,A,3948,HOH,O,O,A,108,GLU,HA,C
1237,cc,A,3948,HOH,O,O,A,123,PRO,HG3,C
1238,hb,A,3949,HOH,O,O,A,154,ALA,O,O
1239,cc,A,3950,HOH,O,O,A,40,GLU,HA,C
1240,cc,A,3950,HOH,O,O,A,86,GLN,HB3,C
1241,hb,A,3950,HOH,O,O,A,86,GLN,O,O
1242,cc,A,3950,HOH,O,O,A,88,VAL,HG23,C
1243,cc,A,3951,HOH,O,O,A,173,LYS,HZ2,N
1244,cc,A,3951,HOH,O,O,A,173,LYS,NZ,N
1245,hb,A,3953,HOH,O,O,A,123,PRO,O,O
1246,hb,A,3953,HOH,O,O,A,127,TYR,O,O
1247,hb,A,3954,HOH,O,O,A,7,ASP,OD1,O
1248,hb,A,3954,HOH,O,O,A,7,ASP,OD2,O
1249,cc,A,3955,HOH,O,O,A,2,GLU,H,N
1250,cc,A,3956,HOH,O,O,A,136,LYS,HD2,C
1251,cc,A,3956,HOH,O,O,A,156,ASN,ND2,N
1252,hb,A,3957,HOH,O,O,A,117,TYR,O,O
1253,cc,A,3957,HOH,O,O,A,184,LEU,HD22,C
1254,cc,A,3961,HOH,O,O,A,176,GLY,HA3,C
1255,hb,A,3961,HOH,O,O,A,177,VAL,H,N
1256,hb,A,3961,HOH,O,O,A,177,VAL,O,O
1257,hb,A,3962,HOH,O,O,A,53,GLY,H,N
1258,hb,A,3966,HOH,O,O,A,26,GLU,OE2,O
1259,cc,A,3967,HOH,O,O,A,24,HIS,CE1,C
1260,cc,A,3967,HOH,O,O,A,25,ARG,CG,C
1261,cc,A,3967,HOH,O,O,A,25,ARG,HG3,C
1262,hb,A,3968,HOH,O,O,A,184,LEU,O,O
1263,cc,A,3969,HOH,O,O,A,182,LYS,CE,C
1264,cc,A,3969,HOH,O,O,A,182,LYS,HE3,C
1265,cc,A,3971,HOH,O,O,A,140,ILE,HB,C
1266,hb,A,3974,HOH,O,O,A,7,ASP,O,O
1267,hb,A,3976,HOH,O,O,A,163,ASP,OD1,O
1268,cc,A,3978,HOH,O,O,A,165,THR,HB,C
1269,cc,A,3978,HOH,O,O,A,166,VAL,H,N
1270,hb,A,3982,HOH,O,O,A,78,ASP,OD2,O
1271,hb,A,3982,HOH,O,O,A,79,VAL,O,O
1272,cc,A,3982,HOH,O,O,A,169,PRO,HB3,C
1273,cc,A,3982,HOH,O,O,A,169,PRO,HG3,C
1274,hb,A,3982,HOH,O,O,A,3913,OCA,O1,O
1275,hb,A,3984,HOH,O,O,A,31,ASN,O,O
1276,hb,A,3985,HOH,O,O,A,104,ARG,O,O
1277,cc,A,3985,HOH,O,O,A,107,GLU,HB2,C
1278,hb,A,3985,HOH,O,O,A,107,GLU,OE1,O
1279,hb,A,3986,HOH,O,O,A,121,ALA,O,O
1280,cc,A,3987,HOH,O,O,A,40,GLU,HG3,C
1281,cc,A,3995,HOH,O,O,A,199,ALA,HB3,C
1282,hb,A,3996,HOH,O,O,A,67,GLY,O,O
1283,cc,A,3996,HOH,O,O,A,69,GLU,HG3,C
1284,hb,A,4000,HOH,O,O,A,116,GLY,O,O
1285,cc,A,4001,HOH,O,O,A,134,GLU,HG3,C
1286,hb,A,4001,HOH,O,O,A,134,GLU,OE2,O
1287,cc,A,4005,HOH,O,O,A,49,ARG,HH11,N
1288,cc,A,4005,HOH,O,O,A,74,GLU,HB3,C
1289,hb,A,4005,HOH,O,O,A,74,GLU,O,O
1290,hb,A,4014,HOH,O,O,A,181,GLU,O,O
1291,cc,A,4014,HOH,O,O,A,185,GLY,HA2,C
1292,hb,A,4015,HOH,O,O,A,167,ILE,O,O
1293,cc,A,4016,HOH,O,O,A,43,ARG,HH11,N
1294,hb,A,4016,HOH,O,O,A,67,GLY,O,O
1295,hb,A,4017,HOH,O,O,A,47,LEU,O,O
1296,cc,A,4017,HOH,O,O,A,72,TRP,HE3,Car
1297,hb,A,4018,HOH,O,O,A,95,VAL,O,O
1298,cc,A,4018,HOH,O,O,A,98,GLU,CG,C
1299,cc,A,4018,HOH,O,O,A,98,GLU,HB2,C
1300,hb,A,4024,HOH,O,O,A,158,ASN,O,O
1301,hb,A,4024,HOH,O,O,A,187,LYS,HZ1,N
1302,hb,A,4025,HOH,O,O,A,49,ARG,O,O
1303,hb,A,4026,HOH,O,O,A,131,TRP,CH2,C
1304,hb,A,4030,HOH,O,O,A,50,LYS,O,O
1305,hb,A,4030,HOH,O,O,A,55,ASN,OD1,O
1306,cc,A,4030,HOH,O,O,A,55,ASN,HD22,N
1307,cc,A,4030,HOH,O,O,A,170,CYS,HB3,C
1308,cc,A,4031,HOH,O,O,A,97,ARG,HA,C
1309,hb,A,4032,HOH,O,O,A,135,ASP,OD2,O
1310,cc,A,4032,HOH,O,O,A,178,THR,CB,C
1311,cc,A,4032,HOH,O,O,A,178,THR,HB,C
1312,cc,A,4037,HOH,O,O,A,206,GLY,HA2,C
1313,hb,A,4041,HOH,O,O,A,187,LYS,O,O
1314,hb,A,4043,HOH,O,O,A,2,GLU,H,N
1315,hb,A,4044,HOH,O,O,A,181,GLU,OE2,O
1316,hb,A,4053,HOH,O,O,A,48,GLY,O,O
1317,hb,A,4053,HOH,O,O,A,72,TRP,CZ3,C
1318,cc,A,4054,HOH,O,O,A,113,VAL,HA,C
1319,hb,A,4054,HOH,O,O,A,196,ARG,HH11,N
1320,cc,A,4055,HOH,O,O,A,103,LEU,HD22,C
1321,hb,A,4055,HOH,O,O,A,140,ILE,O,O
1322,cc,A,4056,HOH,O,O,A,127,TYR,HA,C
1323,hb,A,4056,HOH,O,O,A,172,LEU,O,O
1324,cc,A,4059,HOH,O,O,A,186,ARG,HD2,C
1325,cc,A,4059,HOH,O,O,A,186,ARG,NH1,N
1326,cc,A,4059,HOH,O,O,A,188,VAL,HA,C
1327,hb,A,4060,HOH,O,O,A,120,SER,OG,O
1328,cc,A,4068,HOH,O,O,A,98,GLU,CA,C
1329,cc,A,4068,HOH,O,O,A,98,GLU,HA,C
1330,cc,A,4068,HOH,O,O,A,98,GLU,HB3,C
1331,hb,A,4068,HOH,O,O,A,101,ARG,H,N
1332,hb,A,4069,HOH,O,O,A,161,LEU,O,O
1333,cc,A,4070,HOH,O,O,A,176,GLY,HA2,C
1334,hb,A,4071,HOH,O,O,A,64,ARG,HH21,N
1335,hb,A,4071,HOH,O,O,A,71,TYR,CD2,C
1336,hb,A,4071,HOH,O,O,A,71,TYR,CE2,C
1337,hb,A,4075,HOH,O,O,A,64,ARG,O,O
1338,hb,A,4076,HOH,O,O,A,169,PRO,O,O
1339,cc,A,4081,HOH,O,O,A,112,ARG,HE,N
1340,cc,A,4081,HOH,O,O,A,200,ALA,HA,C
1341,cc,A,4082,HOH,O,O,A,192,GLU,HB2,C
1342,hb,A,4083,HOH,O,O,A,31,ASN,O,O
1343,cc,A,4086,HOH,O,O,A,10,LEU,HD21,C
1344,hb,A,4092,HOH,O,O,A,22,ARG,O,O
1345,cc,A,4094,HOH,O,O,A,116,GLY,HA3,C
1346,cc,A,4096,HOH,O,O,A,183,LEU,HD22,C
1347,cc,A,4097,HOH,O,O,A,43,ARG,HD2,C
1348,cc,A,4099,HOH,O,O,A,25,ARG,HD2,C
1349,hb,A,4100,HOH,O,O,A,164,PHE,CE1,C
1350,cc,A,4100,HOH,O,O,A,177,VAL,CG1,C
1351,cc,A,4100,HOH,O,O,A,177,VAL,HG12,C
1352,cc,A,4103,HOH,O,O,A,192,GLU,HA,C
1353,cc,A,4105,HOH,O,O,A,123,PRO,CD,C
1354,cc,A,4106,HOH,O,O,A,25,ARG,HB3,C
1355,hb,A,4116,HOH,O,O,A,66,ASN,OD1,O
1356,hb,A,4121,HOH,O,O,A,164,PHE,O,O
1357,cc,A,4121,HOH,O,O,A,167,ILE,HG13,C
1358,cc,A,4121,HOH,O,O,A,169,PRO,CD,C
1359,cc,A,4121,HOH,O,O,A,169,PRO,HD3,C
1360,hb,A,4126,HOH,O,O,A,26,GLU,OE2,O
1361,hb,A,4141,HOH,O,O,A,184,LEU,O,O
1362,hb,A,4141,HOH,O,O,A,185,GLY,O,O
1363,hb,A,4188,HOH,O,O,A,17,TRP,HE1,N
1364,hb,A,4188,HOH,O,O,A,151,HIS,NE2,N
1365,hb,A,4189,HOH,O,O,A,161,LEU,H,N
1366,cc,A,4189,HOH,O,O,A,161,LEU,HB2,C
1367,cc,A,4191,HOH,O,O,A,139,ALA,HA,C
1368,cc,A,4192,HOH,O,O,A,69,GLU,CD,C
1369,hb,A,4192,HOH,O,O,A,69,GLU,OE2,O
1370,cc,A,4194,HOH,O,O,A,15,GLU,CD,C
1371,hb,A,4195,HOH,O,O,A,122,TYR,OH,O
1372,cc,A,4196,HOH,O,O,A,61,SER,HA,C
1373,cc,A,4196,HOH,O,O,A,64,ARG,HH11,N
1374,hb,A,4197,HOH,O,O,A,53,GLY,O,O
1375,hb,A,4197,HOH,O,O,A,56,LEU,O,O
1376,hb,A,4199,HOH,O,O,A,118,GLY,O,O
1377,cc,A,4199,HOH,O,O,A,120,SER,HB2,C
1378,hb,A,4201,HOH,O,O,A,120,SER,O,O
1379,hb,A,4201,HOH,O,O,A,122,TYR,CD1,C
1380,hb,A,4201,HOH,O,O,A,122,TYR,CE1,C
1381,cc,A,4203,HOH,O,O,A,56,LEU,HB2,C
1382,hb,A,4203,HOH,O,O,A,56,LEU,O,O
1383,hb,A,4204,HOH,O,O,A,56,LEU,O,O
1384,cc,A,4213,HOH,O,O,A,126,GLY,HA2,C
1385,hb,A,4213,HOH,O,O,A,126,GLY,O,O
1386,cc,A,4213,HOH,O,O,A,172,LEU,CD1,C
1387,cc,A,4213,HOH,O,O,A,172,LEU,HD12,C
1388,cc,A,4217,HOH,O,O,A,12,PRO,HG2,C
1389,hb,A,4217,HOH,O,O,A,15,GLU,OE2,O
1390,cc,A,4226,HOH,O,O,A,85,GLY,HA2,C
1391,hb,A,4226,HOH,O,O,A,158,ASN,HD21,N
1392,hb,A,4227,HOH,O,O,A,70,LEU,H,N
1393,hb,A,4228,HOH,O,O,A,10,LEU,H,N
1394,cc,A,4230,HOH,O,O,A,53,GLY,HA2,C
1395,hb,A,4230,HOH,O,O,A,60,GLU,OE2,O
1396,cc,A,4230,HOH,O,O,A,72,TRP,HZ2,Car
1397,cc,A,4239,HOH,O,O,A,10,LEU,H,N
1398,hb,A,4244,HOH,O,O,A,78,ASP,OD2,O
1399,cc,A,4244,HOH,O,O,A,169,PRO,HB3,C
1400,hb,A,4244,HOH,O,O,A,170,CYS,O,O
1401,hb,A,4244,HOH,O,O,A,3913,OCA,O1,O
1402,cc,A,4254,HOH,O,O,A,128,ALA,HB3,C
1403,cc,A,4256,HOH,O,O,A,172,LEU,H,N
1404,cc,A,4257,HOH,O,O,A,195,ALA,HA,C
1405,hb,A,4271,HOH,O,O,A,202,ALA,O,O
1406,hb,A,4271,HOH,O,O,A,207,LEU,O,O
1407,hb,A,4276,HOH,O,O,A,95,VAL,O,O
1408,hb,A,3,PHE,O,O,A,210,VAL,H,N
1409,hb,A,6,GLU,O,O,A,38,LEU,H,N
1410,cc,A,9,GLY,O,O,A,39,LEU,CA,C
1411,hb,A,9,GLY,O,O,A,40,GLU,H,N
1412,hb,A,11,VAL,O,O,A,41,HIS,HD1,N
1413,cc,A,19,TYR,OH,O,A,6,GLU,OE1,O
1414,hb,A,20,GLN,OE1,O,A,151,HIS,H,N
1415,cc,A,20,GLN,OE1,O,A,151,HIS,N,N
1416,hb,A,36,LEU,O,O,A,6,GLU,H,N
1417,hb,A,37,LEU,O,O,A,90,TYR,H,N
1418,hb,A,38,LEU,O,O,A,8,LEU,H,N
1419,hb,A,39,LEU,O,O,A,88,VAL,H,N
1420,hb,A,40,GLU,O,O,A,11,VAL,H,N
1421,hb,A,43,ARG,O,O,A,69,GLU,H,N
1422,hb,A,44,VAL,O,O,A,82,HIS,H,N
1423,hb,A,45,ILE,O,O,A,71,TYR,H,N
1424,hb,A,46,THR,O,O,A,80,THR,H,N
1425,hb,A,60,GLU,OE2,O,A,72,TRP,HE1,N
1426,hb,A,66,ASN,O,O,A,43,ARG,HH12,N
1427,hb,A,69,GLU,O,O,A,45,ILE,H,N
1428,hb,A,71,TYR,O,O,A,47,LEU,H,N
1429,hb,A,74,GLU,O,O,A,49,ARG,HH11,N
1430,hb,A,75,ARG,O,O,A,49,ARG,H,N
1431,hb,A,77,GLY,O,O,A,50,LYS,H,N
1432,hb,A,80,THR,O,O,A,46,THR,H,N
1433,hb,A,82,HIS,O,O,A,44,VAL,H,N
1434,cc,A,85,GLY,O,O,A,158,ASN,N,N
1435,hb,A,88,VAL,O,O,A,39,LEU,H,N
1436,hb,A,89,GLY,O,O,A,153,PHE,H,N
1437,hb,A,90,TYR,O,O,A,37,LEU,H,N
1438,hb,A,92,ILE,O,O,A,35,THR,H,N
1439,hb,A,93,PHE,O,O,A,149,SER,H,N
1440,hb,A,131,TRP,O,O,A,122,TYR,H,N
1441,hb,A,136,LYS,O,O,A,178,THR,H,N
1442,hb,A,137,LEU,O,O,A,156,ASN,H,N
1443,hb,A,138,CYS,O,O,A,130,VAL,H,N
1444,hb,A,139,ALA,O,O,A,154,ALA,H,N
1445,cc,A,139,ALA,O,O,A,154,ALA,N,N
1446,hb,A,141,GLY,O,O,A,152,GLY,H,N
1447,hb,A,142,VAL,O,O,A,76,GLY,H,N
1448,hb,A,147,GLY,O,O,A,96,GLY,H,N
1449,hb,A,148,VAL,O,O,A,24,HIS,HE2,N
1450,hb,A,149,SER,OG,O,A,93,PHE,H,N
1451,hb,A,152,GLY,O,O,A,141,GLY,H,N
1452,hb,A,153,PHE,O,O,A,89,GLY,H,N
1453,hb,A,155,LEU,O,O,A,87,LEU,H,N
1454,cc,A,155,LEU,O,O,A,87,LEU,N,N
1455,hb,A,156,ASN,O,O,A,180,LEU,H,N
1456,hb,A,156,ASN,OD1,O,A,86,GLN,HE21,N
1457,hb,A,157,VAL,O,O,A,181,GLU,H,N
1458,hb,A,158,ASN,OD1,O,A,188,VAL,H,N
1459,hb,A,163,ASP,OD1,O,A,43,ARG,HH21,N
1460,hb,A,163,ASP,OD2,O,A,43,ARG,HE,N
1461,hb,A,176,GLY,O,O,A,136,LYS,H,N
1462,hb,A,208,ARG,O,O,A,3,PHE,H,N
1463,hb,A,210,VAL,O,O,A,5,VAL,H,N
1464,hb,A,3913,OCA,O1,O,A,78,ASP,H,N
1465,hb,A,3917,HOH,O,O,A,194,LYS,HZ2,N
1466,hb,A,3919,HOH,O,O,A,136,LYS,HZ1,N
1467,hb,A,3926,HOH,O,O,A,120,SER,H,N
1468,hb,A,3928,HOH,O,O,A,147,GLY,H,N
1469,hb,A,3929,HOH,O,O,A,7,ASP,H,N
1470,hb,A,3933,HOH,O,O,A,134,GLU,H,N
1471,hb,A,3934,HOH,O,O,A,97,ARG,H,N
1472,hb,A,3935,HOH,O,O,A,146,GLU,H,N
1473,hb,A,3938,HOH,O,O,A,13,TYR,H,N
1474,hb,A,3939,HOH,O,O,A,187,LYS,H,N
1475,hb,A,3940,HOH,O,O,A,190,MET,H,N
1476,hb,A,3942,HOH,O,O,A,75,ARG,HE,N
1477,hb,A,3945,HOH,O,O,A,20,GLN,HE21,N
1478,hb,A,3947,HOH,O,O,A,121,ALA,H,N
1479,hb,A,3955,HOH,O,O,A,1,MET,H3,N
1480,hb,A,3956,HOH,O,O,A,156,ASN,HD21,N
1481,hb,A,3963,HOH,O,O,A,160,ASP,H,N
1482,hb,A,3971,HOH,O,O,A,129,GLY,H,N
1483,cc,A,3975,HOH,O,O,A,104,ARG,NH1,N
1484,hb,A,4006,HOH,O,O,A,43,ARG,HH22,N
1485,hb,A,4032,HOH,O,O,A,182,LYS,HZ2,N
1486,hb,A,4056,HOH,O,O,A,128,ALA,H,N
1487,hb,A,4059,HOH,O,O,A,186,ARG,HH11,N
1488,hb,A,4066,HOH,O,O,A,49,ARG,HH22,N
1489,hb,A,4085,HOH,O,O,A,21,LYS,HZ1,N
1490,hb,A,4085,HOH,O,O,A,145,LYS,HZ2,N
1491,hb,A,4099,HOH,O,O,A,25,ARG,HH21,N
1492,hb,A,4114,HOH,O,O,A,196,ARG,HH21,N
1493,hb,A,4188,HOH,O,O,A,74,GLU,H,N
1494,hb,A,4190,HOH,O,O,A,144,VAL,H,N
1495,hb,A,4191,HOH,O,O,A,136,LYS,HZ3,N
1496,hb,A,4191,HOH,O,O,A,140,ILE,H,N
1497,hb,A,4192,HOH,O,O,A,14,GLY,H,N
1498,hb,A,4225,HOH,O,O,A,61,SER,H,N
1499,hb,A,4227,HOH,O,O,A,64,ARG,HE,N
1500,hb,A,4258,HOH,O,O,A,122,TYR,OH,O
1501,hb,A,1,MET,O,O,A,208,ARG,H,N
1502,hb,A,1,MET,O,O,A,4273,HOH,O,O
1503,hb,A,2,GLU,O,O,A,4043,HOH,O,O
1504,hb,A,4,LEU,O,O,A,36,LEU,H,N
1505,hb,A,5,VAL,O,O,A,4038,HOH,O,O
1506,hb,A,6,GLU,OE1,O,A,4233,HOH,O,O
1507,hb,A,6,GLU,OE2,O,A,32,ARG,HH12,N
1508,hb,A,7,ASP,O,O,A,3974,HOH,O,O
1509,hb,A,7,ASP,OD1,O,A,194,LYS,HZ3,N
1510,hb,A,7,ASP,OD1,O,A,3954,HOH,O,O
1511,hb,A,7,ASP,OD2,O,A,3954,HOH,O,O
1512,hb,A,10,LEU,O,O,A,4028,HOH,O,O
1513,hb,A,15,GLU,OE2,O,A,4194,HOH,O,O
1514,hb,A,15,GLU,OE2,O,A,4217,HOH,O,O
1515,hb,A,22,ARG,O,O,A,4092,HOH,O,O
1516,hb,A,25,ARG,O,O,A,3952,HOH,O,O
1517,hb,A,26,GLU,OE1,O,A,3924,HOH,O,O
1518,hb,A,26,GLU,OE2,O,A,3966,HOH,O,O
1519,hb,A,26,GLU,OE2,O,A,4126,HOH,O,O
1520,hb,A,28,VAL,O,O,A,4035,HOH,O,O
1521,hb,A,29,ALA,O,O,A,4231,HOH,O,O
1522,hb,A,31,ASN,O,O,A,3924,HOH,O,O
1523,hb,A,31,ASN,O,O,A,3984,HOH,O,O
1524,hb,A,31,ASN,O,O,A,4083,HOH,O,O
1525,hb,A,34,PRO,O,O,A,4,LEU,H,N
1526,hb,A,35,THR,O,O,A,92,ILE,H,N
1527,hb,A,40,GLU,OE1,O,A,85,GLY,H,N
1528,hb,A,40,GLU,OE2,O,A,3944,HOH,O,O
1529,hb,A,40,GLU,OE2,O,A,3987,HOH,O,O
1530,hb,A,42,PRO,O,O,A,3938,HOH,O,O
1531,hb,A,43,ARG,O,O,A,3996,HOH,O,O
1532,hb,A,46,THR,OG1,O,A,75,ARG,HH21,N
1533,hb,A,46,THR,HG1,O,A,3942,HOH,O,O
1534,hb,A,47,LEU,O,O,A,73,VAL,H,N
1535,hb,A,47,LEU,O,O,A,4017,HOH,O,O
1536,hb,A,48,GLY,O,O,A,4053,HOH,O,O
1537,hb,A,49,ARG,O,O,A,4025,HOH,O,O
1538,hb,A,50,LYS,O,O,A,4030,HOH,O,O
1539,hb,A,51,ALA,O,O,A,4025,HOH,O,O
1540,hb,A,53,GLY,O,O,A,4197,HOH,O,O
1541,hb,A,54,GLU,O,O,A,4234,HOH,O,O
1542,hb,A,55,ASN,O,O,A,168,VAL,H,N
1543,hb,A,55,ASN,OD1,O,A,4030,HOH,O,O
1544,hb,A,56,LEU,O,O,A,4197,HOH,O,O
1545,hb,A,56,LEU,O,O,A,4203,HOH,O,O
1546,hb,A,56,LEU,O,O,A,4204,HOH,O,O
1547,hb,A,57,LEU,O,O,A,4204,HOH,O,O
1548,hb,A,58,PHE,O,O,A,4203,HOH,O,O
1549,hb,A,60,GLU,OE2,O,A,4230,HOH,O,O
1550,hb,A,60,GLU,OE2,O,A,4250,HOH,O,O
1551,hb,A,61,SER,HG,O,A,4002,HOH,O,O
1552,hb,A,64,ARG,O,O,A,4075,HOH,O,O
1553,hb,A,66,ASN,O,O,A,4006,HOH,O,O
1554,hb,A,66,ASN,OD1,O,A,4033,HOH,O,O
1555,hb,A,66,ASN,OD1,O,A,4116,HOH,O,O
1556,hb,A,67,GLY,O,O,A,3996,HOH,O,O
1557,hb,A,67,GLY,O,O,A,4016,HOH,O,O
1558,hb,A,68,PHE,O,O,A,4075,HOH,O,O
1559,hb,A,69,GLU,OE1,O,A,3938,HOH,O,O
1560,hb,A,69,GLU,OE1,O,A,4192,HOH,O,O
1561,hb,A,69,GLU,OE2,O,A,4192,HOH,O,O
1562,hb,A,70,LEU,O,O,A,4071,HOH,O,O
1563,hb,A,71,TYR,OH,O,A,4192,HOH,O,O
1564,hb,A,72,TRP,O,O,A,4193,HOH,O,O
1565,hb,A,73,VAL,O,O,A,4017,HOH,O,O
1566,hb,A,74,GLU,O,O,A,4005,HOH,O,O
1567,hb,A,78,ASP,O,O,A,48,GLY,H,N
1568,hb,A,78,ASP,OD1,O,A,170,CYS,H,N
1569,hb,A,78,ASP,OD2,O,A,3982,HOH,O,O
1570,hb,A,78,ASP,OD2,O,A,4244,HOH,O,O
1571,hb,A,79,VAL,O,O,A,3982,HOH,O,O
1572,hb,A,80,THR,OG1,O,A,3923,HOH,O,O
1573,hb,A,80,THR,OG1,O,A,3930,HOH,O,O
1574,hb,A,80,THR,HG1,O,A,3930,HOH,O,O
1575,hb,A,81,TYR,O,O,A,3930,HOH,O,O
1576,hb,A,81,TYR,OH,O,A,3963,HOH,O,O
1577,hb,A,81,TYR,HH,O,A,163,ASP,OD2,O
1578,hb,A,83,GLY,O,O,A,3950,HOH,O,O
1579,hb,A,84,PRO,O,O,A,3963,HOH,O,O
1580,hb,A,85,GLY,O,O,A,158,ASN,H,N
1581,hb,A,86,GLN,O,O,A,3950,HOH,O,O
1582,hb,A,87,LEU,O,O,A,155,LEU,H,N
1583,hb,A,90,TYR,OH,O,A,3937,HOH,O,O
1584,hb,A,90,TYR,OH,O,A,3945,HOH,O,O
1585,hb,A,91,PRO,O,O,A,149,SER,HG,O
1586,hb,A,91,PRO,O,O,A,3946,HOH,O,O
1587,hb,A,95,VAL,O,O,A,4018,HOH,O,O
1588,hb,A,95,VAL,O,O,A,4276,HOH,O,O
1589,hb,A,96,GLY,O,O,A,4031,HOH,O,O
1590,hb,A,98,GLU,O,O,A,4276,HOH,O,O
1591,hb,A,98,GLU,OE1,O,A,4018,HOH,O,O
1592,hb,A,100,ARG,O,O,A,3927,HOH,O,O
1593,hb,A,104,ARG,O,O,A,3985,HOH,O,O
1594,hb,A,105,GLN,OE1,O,A,4267,HOH,O,O
1595,hb,A,107,GLU,OE1,O,A,3985,HOH,O,O
1596,hb,A,107,GLU,OE1,O,A,4200,HOH,O,O
1597,hb,A,107,GLU,OE2,O,A,3953,HOH,O,O
1598,hb,A,107,GLU,OE2,O,A,3971,HOH,O,O
1599,hb,A,107,GLU,OE2,O,A,4073,HOH,O,O
1600,hb,A,108,GLU,OE1,O,A,3948,HOH,O,O
1601,hb,A,111,VAL,O,O,A,3947,HOH,O,O
1602,hb,A,112,ARG,O,O,A,4012,HOH,O,O
1603,hb,A,113,VAL,O,O,A,4054,HOH,O,O
1604,hb,A,115,ALA,O,O,A,4136,HOH,O,O
1605,hb,A,116,GLY,O,O,A,4000,HOH,O,O
1606,hb,A,117,TYR,O,O,A,3957,HOH,O,O
1607,hb,A,117,TYR,O,O,A,4007,HOH,O,O
1608,hb,A,117,TYR,HH,O,A,192,GLU,OE1,O
1609,hb,A,118,GLY,O,O,A,4199,HOH,O,O
1610,hb,A,118,GLY,O,O,A,4275,HOH,O,O
1611,hb,A,119,ILE,O,O,A,3947,HOH,O,O
1612,hb,A,120,SER,O,O,A,4201,HOH,O,O
1613,hb,A,120,SER,OG,O,A,4060,HOH,O,O
1614,hb,A,121,ALA,O,O,A,3986,HOH,O,O
1615,hb,A,121,ALA,O,O,A,4060,HOH,O,O
1616,hb,A,122,TYR,O,O,A,131,TRP,H,N
1617,hb,A,122,TYR,OH,O,A,4195,HOH,O,O
1618,hb,A,122,TYR,OH,O,A,4258,HOH,O,O
1619,hb,A,122,TYR,HH,O,A,4258,HOH,O,O
1620,hb,A,123,PRO,O,O,A,3953,HOH,O,O
1621,hb,A,124,THR,O,O,A,3973,HOH,O,O
1622,hb,A,125,PRO,O,O,A,3958,HOH,O,O
1623,hb,A,126,GLY,O,O,A,4213,HOH,O,O
1624,hb,A,127,TYR,O,O,A,3953,HOH,O,O
1625,hb,A,128,ALA,O,O,A,4254,HOH,O,O
1626,hb,A,132,VAL,O,O,A,3993,HOH,O,O
1627,hb,A,133,GLY,O,O,A,4258,HOH,O,O
1628,hb,A,134,GLU,O,O,A,175,LYS,H,N
1629,hb,A,134,GLU,OE2,O,A,4001,HOH,O,O
1630,hb,A,135,ASP,OD1,O,A,4001,HOH,O,O
1631,hb,A,135,ASP,OD2,O,A,3969,HOH,O,O
1632,hb,A,135,ASP,OD2,O,A,4003,HOH,O,O
1633,hb,A,135,ASP,OD2,O,A,4032,HOH,O,O
1634,hb,A,140,ILE,O,O,A,3990,HOH,O,O
1635,hb,A,140,ILE,O,O,A,4055,HOH,O,O
1636,hb,A,146,GLU,O,O,A,4176,HOH,O,O
1637,hb,A,147,GLY,O,O,A,4008,HOH,O,O
1638,hb,A,149,SER,HG,O,A,91,PRO,O,O
1639,hb,A,150,PHE,O,O,A,3946,HOH,O,O
1640,hb,A,151,HIS,O,O,A,3946,HOH,O,O
1641,hb,A,154,ALA,O,O,A,3949,HOH,O,O
1642,hb,A,158,ASN,O,O,A,4024,HOH,O,O
1643,hb,A,159,THR,O,O,A,3936,HOH,O,O
1644,hb,A,160,ASP,OD2,O,A,3994,HOH,O,O
1645,hb,A,161,LEU,O,O,A,4069,HOH,O,O
1646,hb,A,162,ASN,O,O,A,3978,HOH,O,O
1647,hb,A,162,ASN,OD1,O,A,4122,HOH,O,O
1648,hb,A,163,ASP,OD1,O,A,3976,HOH,O,O
1649,hb,A,163,ASP,OD2,O,A,81,TYR,HH,O
1650,hb,A,163,ASP,OD2,O,A,3994,HOH,O,O
1651,hb,A,164,PHE,O,O,A,4015,HOH,O,O
1652,hb,A,164,PHE,O,O,A,4121,HOH,O,O
1653,hb,A,167,ILE,O,O,A,4015,HOH,O,O
1654,hb,A,168,VAL,O,O,A,55,ASN,HD21,N
1655,hb,A,169,PRO,O,O,A,4076,HOH,O,O
1656,hb,A,170,CYS,O,O,A,4244,HOH,O,O
1657,hb,A,172,LEU,O,O,A,4056,HOH,O,O
1658,hb,A,175,LYS,O,O,A,4070,HOH,O,O
1659,hb,A,176,GLY,O,O,A,4026,HOH,O,O
1660,hb,A,177,VAL,O,O,A,3961,HOH,O,O
1661,hb,A,177,VAL,O,O,A,3969,HOH,O,O
1662,hb,A,178,THR,HG1,O,A,4032,HOH,O,O
1663,hb,A,181,GLU,O,O,A,4014,HOH,O,O
1664,hb,A,181,GLU,OE1,O,A,3936,HOH,O,O
1665,hb,A,181,GLU,OE1,O,A,4024,HOH,O,O
1666,hb,A,181,GLU,OE2,O,A,3960,HOH,O,O
1667,hb,A,181,GLU,OE2,O,A,4044,HOH,O,O
1668,hb,A,182,LYS,O,O,A,4235,HOH,O,O
1669,hb,A,183,LEU,O,O,A,3972,HOH,O,O
1670,hb,A,184,LEU,O,O,A,3968,HOH,O,O
1671,hb,A,184,LEU,O,O,A,4141,HOH,O,O
1672,hb,A,185,GLY,O,O,A,4141,HOH,O,O
1673,hb,A,187,LYS,O,O,A,4041,HOH,O,O
1674,hb,A,187,LYS,O,O,A,4059,HOH,O,O
1675,hb,A,188,VAL,O,O,A,158,ASN,HD22,N
1676,hb,A,191,GLU,O,O,A,3997,HOH,O,O
1677,hb,A,192,GLU,OE1,O,A,117,TYR,HH,O
1678,hb,A,195,ALA,O,O,A,3981,HOH,O,O
1679,hb,A,196,ARG,O,O,A,3995,HOH,O,O
1680,hb,A,199,ALA,O,O,A,4011,HOH,O,O
1681,hb,A,202,ALA,O,O,A,4271,HOH,O,O
1682,hb,A,203,GLU,O,O,A,4037,HOH,O,O
1683,hb,A,207,LEU,O,O,A,4271,HOH,O,O
1684,hb,A,3913,OCA,O1,O,A,3982,HOH,O,O
1685,hb,A,3913,OCA,O1,O,A,4244,HOH,O,O
1686,hb,A,3913,OCA,O2,O,A,4191,HOH,O,O
1687,hb,A,3930,HOH,O,O,A,80,THR,HG1,O
1688,hb,A,3937,HOH,O,O,A,13,TYR,CZ,C
1689,hb,A,3937,HOH,O,O,A,151,HIS,HD1,N
1690,hb,A,3942,HOH,O,O,A,46,THR,HG1,O
1691,hb,A,3950,HOH,O,O,A,41,HIS,H,N
1692,hb,A,3975,HOH,O,O,A,104,ARG,HH11,N
1693,hb,A,3976,HOH,O,O,A,68,PHE,CZ,C
1694,hb,A,3987,HOH,O,O,A,194,LYS,HZ1,N
1695,hb,A,4002,HOH,O,O,A,61,SER,HG,O
1696,hb,A,4010,HOH,O,O,A,175,LYS,HZ2,N
1697,hb,A,4026,HOH,O,O,A,131,TRP,CZ3,C
1698,hb,A,4032,HOH,O,O,A,178,THR,HG1,O
1699,hb,A,4063,HOH,O,O,A,104,ARG,HH22,N
1700,hb,A,4070,HOH,O,O,A,175,LYS,O,O
1701,hb,A,4188,HOH,O,O,A,17,TRP,NE1,N
1702,hb,A,4192,HOH,O,O,A,71,TYR,CE1,C
1703,hb,A,4192,HOH,O,O,A,71,TYR,CZ,C
1704,hb,A,4201,HOH,O,O,A,133,GLY,H,N
1705,hb,A,4240,HOH,O,O,A,145,LYS,HZ3,N
1706,hb,A,4258,HOH,O,O,A,122,TYR,CZ,C
1707,hb,A,4258,HOH,O,O,A,122,TYR,HH,O
1708,cc,A,138,CYS,SG,S,A,110,ILE,HG13,C
1709,cc,A,138,CYS,SG,S,A,110,ILE,HG21,C
1710,cc,A,138,CYS,SG,S,A,155,LEU,HA,C
1711,cc,A,138,CYS,HG,S,A,153,PHE,HB2,C
1712,cc,A,190,MET,SD,S,A,87,LEU,HD13,C
